,dep_acomp_depth,dep_acomp_hierarchy,dep_acomp_iota,dep_acomp_iota_denom,dep_acomp_shape,dep_acomp_width,dep_advcl_depth,dep_advcl_hierarchy,dep_advcl_iota,dep_advcl_iota_denom,dep_advcl_shape,dep_advcl_width,dep_advmod_depth,dep_advmod_hierarchy,dep_advmod_iota,dep_advmod_iota_denom,dep_advmod_shape,dep_advmod_width,dep_agent_depth,dep_agent_hierarchy,dep_agent_iota,dep_agent_iota_denom,dep_agent_shape,dep_agent_width,dep_amod_depth,dep_amod_hierarchy,dep_amod_iota,dep_amod_iota_denom,dep_amod_shape,dep_amod_width,dep_appos_depth,dep_appos_hierarchy,dep_appos_iota,dep_appos_iota_denom,dep_appos_shape,dep_appos_width,dep_aux_depth,dep_aux_hierarchy,dep_aux_iota,dep_aux_iota_denom,dep_aux_shape,dep_aux_width,dep_auxpass_depth,dep_auxpass_hierarchy,dep_auxpass_iota,dep_auxpass_iota_denom,dep_auxpass_shape,dep_auxpass_width,dep_cc_depth,dep_cc_hierarchy,dep_cc_iota,dep_cc_iota_denom,dep_cc_shape,dep_cc_width,dep_ccomp_depth,dep_ccomp_hierarchy,dep_ccomp_iota,dep_ccomp_iota_denom,dep_ccomp_shape,dep_ccomp_width,dep_conj_depth,dep_conj_hierarchy,dep_conj_iota,dep_conj_iota_denom,dep_conj_shape,dep_conj_width,dep_cop_depth,dep_cop_hierarchy,dep_cop_iota,dep_cop_iota_denom,dep_cop_shape,dep_cop_width,dep_csubj_depth,dep_csubj_hierarchy,dep_csubj_iota,dep_csubj_iota_denom,dep_csubj_shape,dep_csubj_width,dep_dep_depth,dep_dep_hierarchy,dep_dep_iota,dep_dep_iota_denom,dep_dep_shape,dep_dep_width,dep_det_depth,dep_det_hierarchy,dep_det_iota,dep_det_iota_denom,dep_det_shape,dep_det_width,dep_discourse_depth,dep_discourse_hierarchy,dep_discourse_iota,dep_discourse_iota_denom,dep_discourse_shape,dep_discourse_width,dep_dobj_depth,dep_dobj_hierarchy,dep_dobj_iota,dep_dobj_iota_denom,dep_dobj_shape,dep_dobj_width,dep_expl_depth,dep_expl_hierarchy,dep_expl_iota,dep_expl_iota_denom,dep_expl_shape,dep_expl_width,dep_iobj_depth,dep_iobj_hierarchy,dep_iobj_iota,dep_iobj_iota_denom,dep_iobj_shape,dep_iobj_width,dep_mark_depth,dep_mark_hierarchy,dep_mark_iota,dep_mark_iota_denom,dep_mark_shape,dep_mark_width,dep_neg_depth,dep_neg_hierarchy,dep_neg_iota,dep_neg_iota_denom,dep_neg_shape,dep_neg_width,dep_nn_depth,dep_nn_hierarchy,dep_nn_iota,dep_nn_iota_denom,dep_nn_shape,dep_nn_width,dep_npadvmod_depth,dep_npadvmod_hierarchy,dep_npadvmod_iota,dep_npadvmod_iota_denom,dep_npadvmod_shape,dep_npadvmod_width,dep_nsubj_depth,dep_nsubj_hierarchy,dep_nsubj_iota,dep_nsubj_iota_denom,dep_nsubj_shape,dep_nsubj_width,dep_nsubjpass_depth,dep_nsubjpass_hierarchy,dep_nsubjpass_iota,dep_nsubjpass_iota_denom,dep_nsubjpass_shape,dep_nsubjpass_width,dep_num_depth,dep_num_hierarchy,dep_num_iota,dep_num_iota_denom,dep_num_shape,dep_num_width,dep_number_depth,dep_number_hierarchy,dep_number_iota,dep_number_iota_denom,dep_number_shape,dep_number_width,dep_parataxis_depth,dep_parataxis_hierarchy,dep_parataxis_iota,dep_parataxis_iota_denom,dep_parataxis_shape,dep_parataxis_width,dep_pcomp_depth,dep_pcomp_hierarchy,dep_pcomp_iota,dep_pcomp_iota_denom,dep_pcomp_shape,dep_pcomp_width,dep_pobj_depth,dep_pobj_hierarchy,dep_pobj_iota,dep_pobj_iota_denom,dep_pobj_shape,dep_pobj_width,dep_poss_depth,dep_poss_hierarchy,dep_poss_iota,dep_poss_iota_denom,dep_poss_shape,dep_poss_width,dep_possessive_depth,dep_possessive_hierarchy,dep_possessive_iota,dep_possessive_iota_denom,dep_possessive_shape,dep_possessive_width,dep_preconj_depth,dep_preconj_hierarchy,dep_preconj_iota,dep_preconj_iota_denom,dep_preconj_shape,dep_preconj_width,dep_predet_depth,dep_predet_hierarchy,dep_predet_iota,dep_predet_iota_denom,dep_predet_shape,dep_predet_width,dep_prep_depth,dep_prep_hierarchy,dep_prep_iota,dep_prep_iota_denom,dep_prep_shape,dep_prep_width,dep_prepc_depth,dep_prepc_hierarchy,dep_prepc_iota,dep_prepc_iota_denom,dep_prepc_shape,dep_prepc_width,dep_prt_depth,dep_prt_hierarchy,dep_prt_iota,dep_prt_iota_denom,dep_prt_shape,dep_prt_width,dep_quantmod_depth,dep_quantmod_hierarchy,dep_quantmod_iota,dep_quantmod_iota_denom,dep_quantmod_shape,dep_quantmod_width,dep_rcmod_depth,dep_rcmod_hierarchy,dep_rcmod_iota,dep_rcmod_iota_denom,dep_rcmod_shape,dep_rcmod_width,dep_tmod_depth,dep_tmod_hierarchy,dep_tmod_iota,dep_tmod_iota_denom,dep_tmod_shape,dep_tmod_width,dep_vmod_depth,dep_vmod_hierarchy,dep_vmod_iota,dep_vmod_iota_denom,dep_vmod_shape,dep_vmod_width,dep_xcomp_depth,dep_xcomp_hierarchy,dep_xcomp_iota,dep_xcomp_iota_denom,dep_xcomp_shape,dep_xcomp_width,has_aphasia
1001,,,,,,,,,,,,,3.0,0.0,0.4,6.0,2.0,1.0,,,,,,,2.0,,0.5,2.0,1.5,1.0,3.66666666667,-0.18252798395,0.362938180828,10.5666666667,2.45,1.23333333333,2.0,,0.5,2.0,1.5,1.0,,,,,,,,,,,,,4.0,0.0,0.3,10.0,2.5,1.0,,,,,,,2.0,,0.5,2.0,1.5,1.0,,,,,,,2.8,0.0089384165927,0.431459694989,5.66666666667,1.93333333333,1.06666666667,2.0,,0.5,2.0,1.5,1.0,,,,,,,3.33333333333,1.0,0.425925925926,7.33333333333,2.16666666667,1.0,,,,,,,,,,,,,,,,,,,2.0,,0.5,2.0,1.5,1.0,2.0,,0.5,2.0,1.5,1.0,2.0,,0.5,2.0,1.5,1.0,2.93333333333,-0.325884652839,0.418357843137,7.13333333333,2.06666666667,1.2,,,,,,,2.0,,0.5,2.0,1.5,1.0,,,,,,,,,,,,,,,,,,,,,,,,,,,,,,,,,,,,,,,,,,,,,,,,,2.0,,0.5,2.0,1.5,1.0,,,,,,,,,,,,,,,,,,,,,,,,,,,,,,,4.66666666667,0.792481250361,0.35641025641,12.6666666667,2.83333333333,1.0,4.0,0.0,0.3,10.0,2.5,1.0,1
1002,,,,,,,,,,,,,2.0,,0.5,2.0,1.5,1.0,,,,,,,2.33333333333,-0.955307917037,0.46568627451,4.5,1.75,1.16666666667,3.25,-0.0729939816376,0.404621800109,8.16666666667,2.20833333333,1.16666666667,,,,,,,,,,,,,,,,,,,,,,,,,3.44444444444,-0.743559381832,0.395709516375,14.0555555556,2.63888888889,1.83333333333,,,,,,,,,,,,,2.625,-0.333333333333,0.460677083333,5.875,1.875,1.125,2.0,,0.5,2.0,1.5,1.0,2.0,,0.5,2.0,1.5,1.0,,,,,,,,,,,,,,,,,,,,,,,,,2.0,,0.5,2.0,1.5,1.0,2.0,,0.5,2.0,1.5,1.0,,,,,,,4.0,-0.847625880977,0.39,13.5,2.75,1.5,,,,,,,2.0,,0.5,2.0,1.5,1.0,,,,,,,,,,,,,,,,,,,,,,,,,,,,,,,,,,,,,,,,,,,,,,,,,,,,,,,,,,,,,,,,,,,,,,,,,4.0,0.0,0.3,10.0,2.5,1.0,,,,,,,,,,,,,,,,,,,1
1003,,,,,,,,,,,,,2.0,,0.5,2.0,1.5,1.0,,,,,,,2.0,,0.5,2.0,1.5,1.0,4.0,-0.182123166815,0.327668845316,12.3333333333,2.66666666667,1.33333333333,2.0,,0.5,2.0,1.5,1.0,,,,,,,2.0,,0.5,2.0,1.5,1.0,4.0,0.0,0.3,10.0,2.5,1.0,2.0,,0.5,2.0,1.5,1.0,,,,,,,,,,,,,2.28571428571,0.0,0.471428571429,3.14285714286,1.64285714286,1.0,2.0,,0.5,2.0,1.5,1.0,,,,,,,2.66666666667,0.0,0.433333333333,4.66666666667,1.83333333333,1.0,,,,,,,,,,,,,,,,,,,2.0,,0.5,2.0,1.5,1.0,2.0,,0.5,2.0,1.5,1.0,,,,,,,2.22222222222,0.0,0.477777777778,2.88888888889,1.61111111111,1.0,,,,,,,,,,,,,,,,,,,,,,,,,,,,,,,3.0,0.0,0.4,6.0,2.0,1.0,,,,,,,,,,,,,,,,,,,,,,,,,2.0,,0.5,2.0,1.5,1.0,,,,,,,,,,,,,,,,,,,,,,,,,6.0,1.0,0.277777777778,18.0,3.5,1.0,,,,,,,,,,,,,1
1004,,,,,,,5.0,-0.5,0.290625,21.0,3.5,2.0,2.66666666667,0.0,0.433333333333,4.66666666667,1.83333333333,1.0,,,,,,,2.66666666667,1.0,0.462962962963,4.66666666667,1.83333333333,1.0,4.5,-1.17006964699,0.391711229947,19.0,3.25,2.0,2.0,,0.5,2.0,1.5,1.0,,,,,,,2.0,,0.5,2.0,1.5,1.0,4.0,-0.636871944691,0.296078431373,14.6666666667,2.83333333333,1.66666666667,4.16666666667,-0.518761949903,0.342437363834,14.75,2.875,1.58333333333,2.0,,0.5,2.0,1.5,1.0,,,,,,,4.85714285714,-0.426631641627,0.371207482993,22.8571428571,3.35714285714,1.85714285714,2.0,,0.5,2.0,1.5,1.0,2.0,,0.5,2.0,1.5,1.0,3.55555555556,-0.272945119153,0.343137254902,9.77777777778,2.38888888889,1.22222222222,,,,,,,,,,,,,2.0,,0.5,2.0,1.5,1.0,,,,,,,2.0,,0.5,2.0,1.5,1.0,,,,,,,3.51724137931,-0.402920189999,0.366212049336,11.2413793103,2.46551724138,1.41379310345,,,,,,,,,,,,,,,,,,,6.0,-1.10066026574,0.27868852459,61.0,6.0,6.0,5.0,0.5,0.288888888889,14.0,3.0,1.0,2.0,,0.5,2.0,1.5,1.0,,,,,,,,,,,,,,,,,,,2.0,,0.5,2.0,1.5,1.0,4.22222222222,-0.11941348963,0.316321713871,14.1111111111,2.77777777778,1.33333333333,,,,,,,,,,,,,,,,,,,5.33333333333,-0.333333333333,0.291666666667,20.0,3.5,1.66666666667,,,,,,,4.5,0.666666666667,0.338888888889,12.0,2.75,1.0,,,,,,,1
1005,,,,,,,,,,,,,,,,,,,,,,,,,2.0,,0.5,2.0,1.5,1.0,5.5,-0.106409223024,0.312856184366,21.375,3.5625,1.625,2.0,,0.5,2.0,1.5,1.0,,,,,,,2.0,,0.5,2.0,1.5,1.0,5.33333333333,-0.839432623378,0.282066993464,32.3333333333,4.0,2.66666666667,4.57142857143,-0.349387794102,0.364202651714,20.5714285714,3.21428571429,1.85714285714,,,,,,,,,,,,,4.22222222222,-0.769221235779,0.401699535033,21.4444444444,3.11111111111,2.0,2.0,,0.5,2.0,1.5,1.0,,,,,,,4.0,-0.318621647142,0.374221994135,14.2,2.8,1.6,2.0,,0.5,2.0,1.5,1.0,,,,,,,,,,,,,,,,,,,2.0,,0.5,2.0,1.5,1.0,,,,,,,3.66666666667,-0.478153128772,0.403269230769,13.2083333333,2.5625,1.45833333333,,,,,,,,,,,,,,,,,,,,,,,,,,,,,,,4.0,-0.955307917037,0.294117647059,17.0,3.0,2.0,,,,,,,,,,,,,,,,,,,,,,,,,4.53333333333,-0.346014273844,0.320131652661,15.4666666667,2.96666666667,1.4,,,,,,,,,,,,,,,,,,,4.0,0.0,0.3,10.0,2.5,1.0,,,,,,,5.5,0.30384101803,0.282070707071,19.75,3.375,1.25,6.0,-0.847625880977,0.28,25.0,4.0,2.0,1
1006,,,,,,,4.0,-0.955307917037,0.294117647059,17.0,3.0,2.0,2.4,0.0,0.46,3.6,1.7,1.0,,,,,,,2.0,,0.5,2.0,1.5,1.0,2.66666666667,-0.955307917037,0.43137254902,7.0,2.0,1.33333333333,2.0,,0.5,2.0,1.5,1.0,2.0,,0.5,2.0,1.5,1.0,2.0,,0.5,2.0,1.5,1.0,6.33333333333,-0.929361293752,0.283260199241,39.1666666667,5.08333333333,3.83333333333,3.42857142857,-0.33246929643,0.38315018315,10.7142857143,2.42857142857,1.42857142857,2.0,,0.5,2.0,1.5,1.0,,,,,,,2.6,-1.32402353591,0.477419354839,8.0,2.0,1.4,2.0,,0.5,2.0,1.5,1.0,,,,,,,2.88888888889,-0.477653958518,0.409803921569,7.11111111111,2.05555555556,1.22222222222,,,,,,,,,,,,,2.0,,0.5,2.0,1.5,1.0,,,,,,,2.0,,0.5,2.0,1.5,1.0,,,,,,,2.44444444444,-0.634959338351,0.475998644139,5.33333333333,1.83333333333,1.22222222222,,,,,,,2.0,,0.5,2.0,1.5,1.0,,,,,,,4.0,-0.955307917037,0.294117647059,17.0,3.0,2.0,,,,,,,2.0,,0.5,2.0,1.5,1.0,,,,,,,,,,,,,,,,,,,,,,,,,2.8,-0.238826979259,0.419411764706,5.9,1.95,1.1,6.0,-1.36133512911,0.276595744681,47.0,5.0,4.0,2.0,,0.5,2.0,1.5,1.0,,,,,,,6.0,-1.0,0.28125,32.0,4.5,3.0,,,,,,,4.0,-0.901466899007,0.358039215686,14.6666666667,2.83333333333,1.66666666667,6.0,-0.847625880977,0.28,25.0,4.0,2.0,1
1007,6.0,-1.0,0.28125,32.0,4.5,3.0,8.0,-1.09094870948,0.277777777778,54.0,6.5,5.0,2.81818181818,0.8,0.450505050505,5.27272727273,1.90909090909,1.0,,,,,,,2.0,,0.5,2.0,1.5,1.0,4.85714285714,-0.202973003884,0.319407763105,19.5714285714,3.28571428571,1.71428571429,2.0,,0.5,2.0,1.5,1.0,2.0,,0.5,2.0,1.5,1.0,2.0,,0.5,2.0,1.5,1.0,5.2,-0.93965453087,0.286562026994,29.4,4.06666666667,2.93333333333,6.2,-1.00477640281,0.28562584464,43.0,5.1,4.0,2.0,,0.5,2.0,1.5,1.0,,,,,,,3.77777777778,-0.47907444868,0.361285842294,13.7777777778,2.72222222222,1.66666666667,2.0,,0.5,2.0,1.5,1.0,,,,,,,4.07692307692,-0.222728493819,0.364644324727,15.9230769231,2.80769230769,1.53846153846,2.0,,0.5,2.0,1.5,1.0,,,,,,,2.0,,0.5,2.0,1.5,1.0,2.0,,0.5,2.0,1.5,1.0,2.0,,0.5,2.0,1.5,1.0,4.0,0.0,0.3,10.0,2.5,1.0,3.18918918919,-0.47284331468,0.434172252697,9.51351351351,2.28378378378,1.37837837838,2.0,,0.5,2.0,1.5,1.0,2.0,,0.5,2.0,1.5,1.0,,,,,,,5.66666666667,-0.82322078897,0.286272519692,30.25,4.20833333333,2.75,6.0,-0.847625880977,0.28,25.0,4.0,2.0,8.0,-0.617103012948,0.280861640431,44.0,5.5,3.0,2.0,,0.5,2.0,1.5,1.0,,,,,,,,,,,,,,,,,,,4.52941176471,-0.452052712218,0.346090073681,18.4117647059,3.14705882353,1.76470588235,4.0,-1.0,0.291666666667,24.0,3.5,3.0,2.0,,0.5,2.0,1.5,1.0,,,,,,,5.5,-0.835472015489,0.284327651515,33.75,4.375,3.25,2.0,,0.5,2.0,1.5,1.0,6.8,0.164269600086,0.277739130435,29.6,4.5,2.2,5.33333333333,-0.151769305679,0.282298474946,25.0,3.66666666667,2.0,1
1009,,,,,,,,,,,,,2.8,-0.369971922459,0.456829268293,6.7,1.95,1.1,,,,,,,2.0,,0.5,2.0,1.5,1.0,4.0,-0.177617928475,0.349637145638,14.4285714286,2.7619047619,1.52380952381,2.0,,0.5,2.0,1.5,1.0,2.0,,0.5,2.0,1.5,1.0,2.0,,0.5,2.0,1.5,1.0,5.75,-1.02799174718,0.28432567973,41.25,4.75,3.75,4.91666666667,-0.720355683602,0.340332415584,25.9166666667,3.66666666667,2.41666666667,2.0,,0.5,2.0,1.5,1.0,,,,,,,3.88235294118,-0.514270344283,0.375774934579,15.8235294118,2.82352941176,1.76470588235,2.0,,0.5,2.0,1.5,1.0,,,,,,,4.8,-0.00729747715783,0.332239392369,15.6,3.03333333333,1.26666666667,2.0,,0.5,2.0,1.5,1.0,,,,,,,,,,,,,2.0,,0.5,2.0,1.5,1.0,2.0,,0.5,2.0,1.5,1.0,8.0,-0.784635927881,0.272727272727,33.0,5.0,2.0,3.33333333333,-0.0350884504371,0.393073099966,9.25,2.29166666667,1.25,3.11111111111,-0.25,0.408333333333,8.88888888889,2.16666666667,1.22222222222,2.0,,0.5,2.0,1.5,1.0,,,,,,,5.14285714286,-0.850758273862,0.284576330532,29.0,3.85714285714,2.57142857143,2.0,,0.5,2.0,1.5,1.0,3.77777777778,-0.130087976296,0.340668119099,10.6666666667,2.5,1.22222222222,2.5,0.0,0.45,4.0,1.75,1.0,2.0,,0.5,2.0,1.5,1.0,,,,,,,,,,,,,3.77272727273,0.0128257735392,0.376881754609,10.2045454545,2.46590909091,1.15909090909,,,,,,,2.0,,0.5,2.0,1.5,1.0,,,,,,,4.0,-1.0,0.291666666667,24.0,3.5,3.0,,,,,,,3.0,0.0,0.4,6.0,2.0,1.0,4.0,-0.955307917037,0.294117647059,17.0,3.0,2.0,1
1010,,,,,,,6.15384615385,-1.20533416489,0.282734650703,56.3846153846,5.92307692308,5.69230769231,2.27586206897,0.142857142857,0.475478927203,3.10344827586,1.63793103448,1.0,6.0,-0.562989953096,0.28125,32.0,4.5,3.0,2.06666666667,0.0,0.493333333333,2.26666666667,1.53333333333,1.0,6.0,-0.535160702271,0.290909090909,39.6666666667,4.66666666667,3.33333333333,2.0,,0.5,2.0,1.5,1.0,2.0,,0.5,2.0,1.5,1.0,2.0,,0.5,2.0,1.5,1.0,7.54545454545,-1.19561737576,0.28099519712,78.0454545455,7.52272727273,7.5,5.05,-0.825240386241,0.324472196827,37.35,4.45,3.85,2.0,,0.5,2.0,1.5,1.0,,,,,,,5.47826086957,-0.805553380303,0.332133856421,37.4347826087,4.65217391304,3.82608695652,2.0,,0.5,2.0,1.5,1.0,,,,,,,4.17777777778,-0.457094942728,0.353265629823,19.2444444444,3.12222222222,2.06666666667,2.0,,0.5,2.0,1.5,1.0,,,,,,,2.0,,0.5,2.0,1.5,1.0,2.0,,0.5,2.0,1.5,1.0,2.0,,0.5,2.0,1.5,1.0,4.0,0.0,0.3,10.0,2.5,1.0,2.6213592233,-0.454153572113,0.455797691824,6.33980582524,1.93203883495,1.2427184466,3.33333333333,-1.0,0.427083333333,12.0,2.5,1.66666666667,2.0,,0.5,2.0,1.5,1.0,,,,,,,12.0,-1.34678328068,0.271929824561,114.0,10.5,9.0,,,,,,,4.0,0.0,0.3,10.0,2.5,1.0,2.0,,0.5,2.0,1.5,1.0,,,,,,,,,,,,,2.0,,0.5,2.0,1.5,1.0,4.38961038961,-0.477070537447,0.35820021382,20.974025974,3.28571428571,2.18181818182,8.0,-1.4900831916,0.349800024997,71.0,7.33333333333,6.66666666667,2.0,,0.5,2.0,1.5,1.0,2.0,,0.5,2.0,1.5,1.0,7.73333333333,-1.14012017409,0.280319225602,74.7333333333,7.2,6.66666666667,,,,,,,10.0,-1.07261884424,0.283720790533,114.666666667,10.5,11.0,5.46666666667,-1.01672662632,0.299988452695,41.8666666667,4.9,4.33333333333,1
1011,,,,,,,6.33333333333,-1.23757310953,0.282375618785,65.5,6.58333333333,6.83333333333,2.42424242424,-0.542709926417,0.467882749059,4.54545454545,1.77272727273,1.12121212121,,,,,,,2.0,,0.5,2.0,1.5,1.0,5.25,-0.661223423284,0.363386709381,33.0,4.125,3.0,2.0,,0.5,2.0,1.5,1.0,2.0,,0.5,2.0,1.5,1.0,2.0,,0.5,2.0,1.5,1.0,6.55555555556,-1.07493231924,0.292512917528,57.9444444444,5.80555555556,5.05555555556,4.9756097561,-0.720474808467,0.328294680819,27.7804878049,3.85365853659,2.73170731707,2.0,,0.5,2.0,1.5,1.0,,,,,,,3.88888888889,-1.01875206801,0.403185024852,24.5555555556,3.16666666667,2.44444444444,2.0,,0.5,2.0,1.5,1.0,,,,,,,5.0,-0.717149613599,0.340789561353,24.9318181818,3.71590909091,2.43181818182,2.0,,0.5,2.0,1.5,1.0,,,,,,,2.0,,0.5,2.0,1.5,1.0,2.0,,0.5,2.0,1.5,1.0,2.0,,0.5,2.0,1.5,1.0,,,,,,,2.80555555556,-0.380223553408,0.43148590095,7.73611111111,2.03472222222,1.26388888889,2.4,0.0,0.46,3.6,1.7,1.0,2.0,,0.5,2.0,1.5,1.0,,,,,,,6.0,-1.27906514689,0.279050144648,64.5,6.25,6.5,7.0,-0.265134971098,0.278888888889,46.5,5.75,4.5,3.8,-0.479484023784,0.393650487517,19.4,2.9,2.0,2.0,,0.5,2.0,1.5,1.0,2.0,,0.5,2.0,1.5,1.0,,,,,,,2.0,,0.5,2.0,1.5,1.0,4.58333333333,-0.305226297443,0.332644217379,21.0,3.29166666667,2.0,5.6,-0.804239454836,0.329240196078,41.0,4.6,3.6,2.0,,0.5,2.0,1.5,1.0,,,,,,,5.71428571429,-0.969863656118,0.284910081054,33.0,4.42857142857,3.14285714286,,,,,,,7.0,-0.57495107066,0.307191681009,46.375,5.3125,3.625,6.66666666667,-1.02251268731,0.279672293781,42.0,5.16666666667,3.66666666667,1
1012,2.0,,0.5,2.0,1.5,1.0,8.66666666667,-1.2519884667,0.277833212385,89.0,8.0,7.33333333333,2.54545454545,-0.423812940488,0.461818181818,4.81818181818,1.81818181818,1.09090909091,4.0,-0.955307917037,0.294117647059,17.0,3.0,2.0,2.66666666667,0.792481250361,0.464102564103,4.66666666667,1.83333333333,1.0,4.25,-0.354764521894,0.341447963801,14.5,2.875,1.5,2.0,,0.5,2.0,1.5,1.0,2.0,,0.5,2.0,1.5,1.0,2.0,,0.5,2.0,1.5,1.0,6.57142857143,-0.812228934252,0.283029492783,49.0,5.42857142857,4.28571428571,5.41176470588,-0.931636912834,0.320529194682,32.0,4.20588235294,3.0,2.0,,0.5,2.0,1.5,1.0,,,,,,,3.66666666667,-0.618688084322,0.392793015571,18.0833333333,2.95833333333,2.25,2.0,,0.5,2.0,1.5,1.0,2.0,,0.5,2.0,1.5,1.0,5.53846153846,-0.386567806159,0.33658037,30.4615384615,4.11538461538,2.69230769231,2.0,,0.5,2.0,1.5,1.0,,,,,,,2.0,,0.5,2.0,1.5,1.0,2.0,,0.5,2.0,1.5,1.0,2.0,,0.5,2.0,1.5,1.0,3.33333333333,0.0,0.366666666667,7.33333333333,2.16666666667,1.0,3.47826086957,-0.438193943714,0.40851319617,10.6739130435,2.42391304348,1.36956521739,2.0,,0.5,2.0,1.5,1.0,2.0,,0.5,2.0,1.5,1.0,,,,,,,6.0,-1.12001867692,0.286764705882,42.5,5.25,4.5,,,,,,,4.0,0.0,0.3,10.0,2.5,1.0,2.57142857143,0.0,0.442857142857,4.28571428571,1.78571428571,1.0,2.0,,0.5,2.0,1.5,1.0,,,,,,,,,,,,,4.25806451613,-0.447211070029,0.350921328953,20.1612903226,3.22580645161,2.1935483871,8.0,-0.455307917037,0.270833333333,48.0,5.5,3.0,2.0,,0.5,2.0,1.5,1.0,,,,,,,6.85714285714,-0.618645600308,0.280412974595,37.5714285714,5.0,3.14285714286,,,,,,,2.0,,0.5,2.0,1.5,1.0,,,,,,,1
1013,,,,,,,6.0,-1.0,0.28125,32.0,4.5,3.0,3.33333333333,1.0,0.425925925926,7.33333333333,2.16666666667,1.0,,,,,,,2.0,,0.5,2.0,1.5,1.0,4.0,-0.847625880977,0.39,13.5,2.75,1.5,2.0,,0.5,2.0,1.5,1.0,,,,,,,2.0,,0.5,2.0,1.5,1.0,5.5,-0.293319803582,0.284366515837,21.25,3.625,1.75,4.0,-0.590333782279,0.359640957447,17.1666666667,2.91666666667,1.83333333333,,,,,,,,,,,,,,,,,,,2.0,,0.5,2.0,1.5,1.0,,,,,,,3.42857142857,-0.191061583407,0.356302521008,8.71428571429,2.28571428571,1.14285714286,2.0,,0.5,2.0,1.5,1.0,,,,,,,2.0,,0.5,2.0,1.5,1.0,,,,,,,2.0,,0.5,2.0,1.5,1.0,4.0,0.0,0.3,10.0,2.5,1.0,4.62068965517,-0.426568443297,0.353181672406,16.8620689655,3.10344827586,1.58620689655,,,,,,,,,,,,,,,,,,,,,,,,,,,,,,,8.0,-0.5,0.275,40.0,5.5,3.0,2.0,,0.5,2.0,1.5,1.0,,,,,,,,,,,,,,,,,,,4.55555555556,-0.105594621433,0.318475367455,15.0,2.94444444444,1.33333333333,6.0,-0.847625880977,0.28,25.0,4.0,2.0,,,,,,,,,,,,,3.0,0.0,0.4,6.0,2.0,1.0,,,,,,,6.0,0.346346414942,0.313531746032,22.8333333333,3.75,1.5,4.0,1.0,0.388888888889,10.0,2.5,1.0,1
1014,2.0,,0.5,2.0,1.5,1.0,6.66666666667,-1.08143107179,0.278822100789,46.6666666667,5.5,4.33333333333,2.5306122449,0.204469208296,0.457703081232,4.26530612245,1.77551020408,1.02040816327,,,,,,,2.0,,0.5,2.0,1.5,1.0,5.0,-0.583030926661,0.289019607843,18.6666666667,3.33333333333,1.66666666667,2.0,,0.5,2.0,1.5,1.0,2.0,,0.5,2.0,1.5,1.0,2.0,,0.5,2.0,1.5,1.0,5.0,-0.831641574145,0.288547100519,32.6875,4.15625,3.3125,5.89473684211,-0.986100491932,0.305716498376,38.6842105263,4.68421052632,3.47368421053,2.0,,0.5,2.0,1.5,1.0,,,,,,,2.22580645161,-0.79800535723,0.48921955353,4.17741935484,1.68548387097,1.14516129032,2.0,,0.5,2.0,1.5,1.0,,,,,,,3.79310344828,-0.508726815663,0.383460821351,13.3448275862,2.65517241379,1.51724137931,,,,,,,,,,,,,2.0,,0.5,2.0,1.5,1.0,2.0,,0.5,2.0,1.5,1.0,2.0,,0.5,2.0,1.5,1.0,3.5,-0.333333333333,0.347916666667,11.5,2.5,1.5,2.86486486486,-0.264175334055,0.433412011611,6.7972972973,2.02027027027,1.17567567568,2.0,,0.5,2.0,1.5,1.0,2.0,,0.5,2.0,1.5,1.0,,,,,,,5.0,-1.05433203813,0.283034714446,42.5,4.75,4.5,,,,,,,3.33333333333,0.0,0.366666666667,7.33333333333,2.16666666667,1.0,2.0,,0.5,2.0,1.5,1.0,2.0,,0.5,2.0,1.5,1.0,,,,,,,,,,,,,4.2962962963,-0.215129988754,0.318106638278,14.2962962963,2.87037037037,1.44444444444,2.0,,0.5,2.0,1.5,1.0,2.0,,0.5,2.0,1.5,1.0,,,,,,,4.85714285714,-0.728754599775,0.314953423602,28.7142857143,3.85714285714,2.85714285714,,,,,,,6.0,-0.0869064702442,0.283194444444,23.25,3.875,1.75,5.71428571429,-0.43841962245,0.286046535679,25.4285714286,3.92857142857,2.14285714286,1
1015,6.0,1.0,0.277777777778,18.0,3.5,1.0,4.0,-1.00894027037,0.340809811828,22.25,3.375,2.75,2.0,,0.5,2.0,1.5,1.0,,,,,,,2.0,,0.5,2.0,1.5,1.0,3.42857142857,-0.191061583407,0.356302521008,8.71428571429,2.28571428571,1.14285714286,2.0,,0.5,2.0,1.5,1.0,,,,,,,2.0,,0.5,2.0,1.5,1.0,5.33333333333,-0.855468497289,0.287139265963,25.8333333333,3.91666666667,2.5,2.28571428571,-0.955307917037,0.470588235294,4.14285714286,1.71428571429,1.14285714286,2.0,,0.5,2.0,1.5,1.0,,,,,,,5.33333333333,0.666666666667,0.285185185185,15.3333333333,3.16666666667,1.0,2.0,,0.5,2.0,1.5,1.0,,,,,,,3.875,-0.203889206076,0.334632352941,10.8125,2.53125,1.1875,2.0,,0.5,2.0,1.5,1.0,,,,,,,2.0,,0.5,2.0,1.5,1.0,2.0,,0.5,2.0,1.5,1.0,2.0,,0.5,2.0,1.5,1.0,4.0,0.0,0.3,10.0,2.5,1.0,4.375,-0.361273630356,0.353711095379,15.3333333333,2.9375,1.5,,,,,,,2.0,,0.5,2.0,1.5,1.0,,,,,,,,,,,,,,,,,,,,,,,,,2.0,,0.5,2.0,1.5,1.0,2.0,,0.5,2.0,1.5,1.0,,,,,,,,,,,,,3.75,-0.0423812940488,0.3325,9.29166666667,2.39583333333,1.04166666667,4.0,-1.0,0.291666666667,24.0,3.5,3.0,,,,,,,,,,,,,,,,,,,,,,,,,5.55555555556,0.15417060207,0.303424399039,24.3333333333,3.66666666667,1.77777777778,,,,,,,1
1016,,,,,,,,,,,,,3.0,1.0,0.444444444444,6.0,2.0,1.0,,,,,,,2.33333333333,0.0,0.466666666667,3.33333333333,1.66666666667,1.0,4.0,0.14624062518,0.36014957265,12.3333333333,2.66666666667,1.33333333333,2.0,,0.5,2.0,1.5,1.0,,,,,,,,,,,,,5.0,-0.461906470244,0.28875,21.25,3.375,1.75,4.0,0.0,0.3,10.0,2.5,1.0,2.0,,0.5,2.0,1.5,1.0,,,,,,,2.66666666667,0.0,0.433333333333,4.66666666667,1.83333333333,1.0,2.0,,0.5,2.0,1.5,1.0,2.0,,0.5,2.0,1.5,1.0,4.0,-0.238826979259,0.298529411765,11.75,2.625,1.25,,,,,,,,,,,,,,,,,,,,,,,,,2.0,,0.5,2.0,1.5,1.0,4.0,0.0,0.3,10.0,2.5,1.0,4.0,-0.203586744113,0.344656507531,13.0625,2.71875,1.4375,,,,,,,,,,,,,,,,,,,,,,,,,,,,,,,2.0,,0.5,2.0,1.5,1.0,2.0,,0.5,2.0,1.5,1.0,,,,,,,,,,,,,,,,,,,4.0,0.0,0.3,10.0,2.5,1.0,,,,,,,2.0,,0.5,2.0,1.5,1.0,,,,,,,,,,,,,,,,,,,3.33333333333,-0.847625880977,0.426666666667,9.66666666667,2.33333333333,1.33333333333,8.0,-0.455307917037,0.270833333333,48.0,5.5,3.0,1
1017,,,,,,,6.0,-1.04260663711,0.281212664277,46.6666666667,5.16666666667,4.33333333333,2.7,-0.267764419904,0.453131613409,7.875,2.0125,1.325,,,,,,,2.14285714286,0.0,0.485714285714,2.57142857143,1.57142857143,1.0,3.16666666667,0.185881098451,0.405310457516,6.95833333333,2.10416666667,1.04166666667,2.0,,0.5,2.0,1.5,1.0,2.0,,0.5,2.0,1.5,1.0,2.0,,0.5,2.0,1.5,1.0,5.82608695652,-0.882007352651,0.292890952382,38.3043478261,4.73913043478,3.65217391304,4.76923076923,-0.789049743558,0.327152254046,27.3076923077,3.76923076923,2.76923076923,2.0,,0.5,2.0,1.5,1.0,,,,,,,3.72727272727,-0.419049137066,0.402407318647,13.0909090909,2.63636363636,1.54545454545,2.0,,0.5,2.0,1.5,1.0,,,,,,,3.6,-0.0660401041967,0.375554045894,11.2,2.5,1.4,2.08695652174,-0.955307917037,0.49104859335,2.65217391304,1.5652173913,1.04347826087,2.0,,0.5,2.0,1.5,1.0,2.0,,0.5,2.0,1.5,1.0,2.0,,0.5,2.0,1.5,1.0,2.2,0.0,0.48,2.8,1.6,1.0,4.0,0.0,0.3,10.0,2.5,1.0,2.64646464646,-0.388198269736,0.449613622618,5.94949494949,1.90909090909,1.17171717172,2.0,,0.5,2.0,1.5,1.0,,,,,,,,,,,,,4.0,0.0,0.3,10.0,2.5,1.0,,,,,,,3.0,0.0,0.4,6.0,2.0,1.0,2.0,,0.5,2.0,1.5,1.0,,,,,,,,,,,,,,,,,,,3.81818181818,-0.284542164235,0.334284016637,11.8181818182,2.59090909091,1.36363636364,6.0,-0.562989953096,0.28125,32.0,4.5,3.0,2.0,,0.5,2.0,1.5,1.0,,,,,,,5.0,-1.10669303705,0.286430921053,38.5,4.75,4.5,4.0,0.0,0.3,10.0,2.5,1.0,6.0,-0.39231796394,0.286363636364,21.5,3.75,1.5,8.0,-0.67101122868,0.286363636364,43.5,5.75,3.5,1
1018,,,,,,,5.0,-0.776140146928,0.28736340386,32.0,4.0,3.0,2.46153846154,0.5,0.467521367521,3.84615384615,1.73076923077,1.0,,,,,,,2.0,,0.5,2.0,1.5,1.0,4.0,0.0625,0.350252525253,11.2727272727,2.59090909091,1.18181818182,2.0,,0.5,2.0,1.5,1.0,2.0,,0.5,2.0,1.5,1.0,2.0,,0.5,2.0,1.5,1.0,6.33333333333,-1.13595886169,0.315593966982,51.4166666667,5.625,4.91666666667,3.73333333333,-0.469119174784,0.375085676499,12.6666666667,2.63333333333,1.53333333333,2.0,,0.5,2.0,1.5,1.0,,,,,,,5.07692307692,-0.572367852299,0.380199600869,22.6153846154,3.5,1.92307692308,2.0,,0.5,2.0,1.5,1.0,2.0,,0.5,2.0,1.5,1.0,4.15384615385,-0.137756818758,0.332988671508,14.4230769231,2.82692307692,1.5,2.0,,0.5,2.0,1.5,1.0,,,,,,,2.0,,0.5,2.0,1.5,1.0,2.0,,0.5,2.0,1.5,1.0,2.0,,0.5,2.0,1.5,1.0,4.0,0.0,0.3,10.0,2.5,1.0,3.66666666667,-0.495859834313,0.387819531818,12.8888888889,2.59259259259,1.51851851852,2.0,,0.5,2.0,1.5,1.0,2.0,,0.5,2.0,1.5,1.0,,,,,,,5.0,-0.711906470244,0.288229166667,22.75,3.625,2.25,4.0,0.0,0.3,10.0,2.5,1.0,4.5,-0.883519892997,0.338529411765,17.25,3.125,1.75,2.28571428571,0.0,0.471428571429,3.14285714286,1.64285714286,1.0,2.0,,0.5,2.0,1.5,1.0,,,,,,,,,,,,,3.53846153846,-0.142447020523,0.368696371711,9.41025641026,2.35897435897,1.17948717949,10.0,-0.27889810886,0.267605633803,71.0,7.0,4.0,,,,,,,,,,,,,,,,,,,,,,,,,6.28571428571,-0.148162831987,0.276854947653,31.5714285714,4.28571428571,2.28571428571,,,,,,,1
1019,4.0,0.0,0.3,10.0,2.5,1.0,5.2,-1.07009720243,0.286965811966,33.0,4.4,3.6,2.58333333333,0.0538410180299,0.464604377104,4.625,1.8125,1.04166666667,,,,,,,2.11320754717,0.0,0.488679245283,2.45283018868,1.55660377358,1.0,4.88888888889,-0.490363215059,0.311987481019,19.0,3.33333333333,1.77777777778,2.0,,0.5,2.0,1.5,1.0,2.0,,0.5,2.0,1.5,1.0,2.0,,0.5,2.0,1.5,1.0,6.125,-0.808070892875,0.2971159901,38.4375,4.84375,3.5625,5.5,-0.931735794023,0.342667247493,32.46875,4.265625,3.03125,2.0,,0.5,2.0,1.5,1.0,4.0,0.0,0.3,10.0,2.5,1.0,4.3,-0.671363992063,0.372658751656,19.3,3.2,2.1,2.0,,0.5,2.0,1.5,1.0,,,,,,,5.24,-0.473190004945,0.31526222712,27.86,3.87,2.5,2.0,,0.5,2.0,1.5,1.0,,,,,,,2.0,,0.5,2.0,1.5,1.0,2.0,,0.5,2.0,1.5,1.0,2.0,,0.5,2.0,1.5,1.0,,,,,,,2.89473684211,-0.311609351331,0.442880507865,7.52631578947,2.07894736842,1.26315789474,2.33333333333,0.0,0.466666666667,3.33333333333,1.66666666667,1.0,2.0,,0.5,2.0,1.5,1.0,,,,,,,7.2,-1.13805151832,0.2779591807,61.4,6.4,5.6,5.2,0.538093529756,0.322666666667,16.2,3.2,1.2,3.42857142857,-0.382123166815,0.355462184874,9.71428571429,2.35714285714,1.28571428571,2.0,,0.5,2.0,1.5,1.0,2.0,,0.5,2.0,1.5,1.0,2.0,,0.5,2.0,1.5,1.0,,,,,,,4.69902912621,-0.308698965804,0.328741434554,20.2427184466,3.32038834951,1.94174757282,,,,,,,2.0,,0.5,2.0,1.5,1.0,,,,,,,7.63636363636,-1.02507585139,0.27679497437,47.2727272727,5.68181818182,3.72727272727,2.0,,0.5,2.0,1.5,1.0,5.625,0.101250250863,0.308229357448,26.3125,3.90625,2.1875,6.0,-0.837043763963,0.283104732278,32.0,4.5,3.0,1
1020,4.0,-0.955307917037,0.294117647059,17.0,3.0,2.0,,,,,,,2.28571428571,0.0,0.471428571429,3.14285714286,1.64285714286,1.0,,,,,,,,,,,,,2.0,,0.5,2.0,1.5,1.0,2.0,,0.5,2.0,1.5,1.0,,,,,,,2.0,,0.5,2.0,1.5,1.0,6.5,-0.927851406863,0.281379716981,37.5,5.0,3.5,,,,,,,2.0,,0.5,2.0,1.5,1.0,,,,,,,2.4,-1.0,0.458333333333,6.4,1.9,1.4,2.0,,0.5,2.0,1.5,1.0,2.0,,0.5,2.0,1.5,1.0,,,,,,,2.0,,0.5,2.0,1.5,1.0,,,,,,,2.0,,0.5,2.0,1.5,1.0,2.0,,0.5,2.0,1.5,1.0,2.0,,0.5,2.0,1.5,1.0,,,,,,,2.76923076923,-0.261545309294,0.451748251748,5.61538461538,1.92307692308,1.07692307692,,,,,,,,,,,,,,,,,,,,,,,,,4.0,0.0,0.3,10.0,2.5,1.0,3.0,0.0,0.4,6.0,2.0,1.0,,,,,,,,,,,,,,,,,,,,,,,,,,,,,,,,,,,,,,,,,,,,,,,,,6.0,-0.847625880977,0.28,25.0,4.0,2.0,,,,,,,,,,,,,2.0,,0.5,2.0,1.5,1.0,1
1021,4.0,0.0,0.3,10.0,2.5,1.0,4.8,-1.04992801181,0.287212174897,41.2,4.9,5.0,2.33333333333,0.5,0.476543209877,3.33333333333,1.66666666667,1.0,,,,,,,2.3,0.5,0.478888888889,3.2,1.65,1.0,4.0,0.0,0.3,10.0,2.5,1.0,2.0,,0.5,2.0,1.5,1.0,2.0,,0.5,2.0,1.5,1.0,2.0,,0.5,2.0,1.5,1.0,6.88888888889,-1.05241565746,0.280187894738,45.2222222222,5.44444444444,4.0,7.57142857143,-0.983908198955,0.281321298729,50.2857142857,5.85714285714,4.14285714286,2.0,,0.5,2.0,1.5,1.0,,,,,,,4.54545454545,-0.855290991362,0.361710526316,21.1818181818,3.36363636364,2.18181818182,2.0,,0.5,2.0,1.5,1.0,,,,,,,4.66666666667,-0.495059136086,0.31791772118,20.625,3.35416666667,2.04166666667,2.0,,0.5,2.0,1.5,1.0,,,,,,,2.0,,0.5,2.0,1.5,1.0,6.0,1.0,0.277777777778,18.0,3.5,1.0,2.0,,0.5,2.0,1.5,1.0,4.0,0.0,0.3,10.0,2.5,1.0,3.8064516129,-0.478324193635,0.390656822352,13.6612903226,2.70161290323,1.59677419355,2.0,,0.5,2.0,1.5,1.0,2.0,,0.5,2.0,1.5,1.0,,,,,,,8.0,-0.856989987837,0.272885000589,50.0,5.83333333333,3.66666666667,2.0,,0.5,2.0,1.5,1.0,,,,,,,2.0,,0.5,2.0,1.5,1.0,,,,,,,,,,,,,,,,,,,3.68421052632,-0.334384096031,0.359829522902,10.9473684211,2.5,1.31578947368,8.0,-0.784635927881,0.272727272727,33.0,5.0,2.0,2.0,,0.5,2.0,1.5,1.0,,,,,,,6.0,-1.11077598029,0.283400603741,46.0,5.5,5.0,4.0,0.0,0.3,10.0,2.5,1.0,5.45454545455,0.167248642919,0.300146923783,19.0909090909,3.40909090909,1.36363636364,6.0,-0.404992980615,0.284484087195,25.0,4.0,2.0,1
1022,,,,,,,5.71428571429,-1.12902774442,0.280329976293,49.5714285714,5.28571428571,4.85714285714,2.6,0.5,0.457777777778,4.4,1.8,1.0,,,,,,,2.0,,0.5,2.0,1.5,1.0,5.5,-0.487071536679,0.289672131148,26.5,4.0,2.5,2.0,,0.5,2.0,1.5,1.0,,,,,,,2.0,,0.5,2.0,1.5,1.0,6.0,-0.596324346261,0.279714209402,35.75,4.625,3.25,5.33333333333,-0.704848131669,0.287672955975,29.3333333333,4.16666666667,3.0,2.0,,0.5,2.0,1.5,1.0,,,,,,,4.44444444444,-0.456477895839,0.336297204067,19.5555555556,3.27777777778,2.11111111111,2.0,,0.5,2.0,1.5,1.0,,,,,,,4.11764705882,-0.460033604978,0.341098172301,14.5882352941,2.85294117647,1.58823529412,2.0,,0.5,2.0,1.5,1.0,,,,,,,2.0,,0.5,2.0,1.5,1.0,2.0,,0.5,2.0,1.5,1.0,2.0,,0.5,2.0,1.5,1.0,4.0,0.0,0.3,10.0,2.5,1.0,2.66666666667,-0.395533615891,0.450021617932,5.72727272727,1.90909090909,1.15151515152,,,,,,,2.0,,0.5,2.0,1.5,1.0,,,,,,,4.0,0.0,0.3,10.0,2.5,1.0,,,,,,,3.0,0.0,0.4,6.0,2.0,1.0,2.0,,0.5,2.0,1.5,1.0,,,,,,,,,,,,,,,,,,,4.17391304348,-0.389972890397,0.322217302221,15.8695652174,2.95652173913,1.73913043478,,,,,,,2.4,-0.955307917037,0.458823529412,5.0,1.8,1.2,2.0,,0.5,2.0,1.5,1.0,5.0,-0.950733449503,0.286758578431,24.5,3.75,2.5,6.0,1.0,0.277777777778,18.0,3.5,1.0,4.85714285714,-0.568642444281,0.318288409704,32.1428571429,3.85714285714,2.85714285714,4.0,0.0,0.3,10.0,2.5,1.0,1
1023,,,,,,,6.6,-1.23194441979,0.278422266905,76.6,6.9,7.2,2.0,,0.5,2.0,1.5,1.0,,,,,,,2.28571428571,0.5,0.479894179894,3.14285714286,1.64285714286,1.0,2.66666666667,-0.955307917037,0.43137254902,7.0,2.0,1.33333333333,2.0,,0.5,2.0,1.5,1.0,,,,,,,2.0,,0.5,2.0,1.5,1.0,5.71428571429,-0.764585753952,0.284619405934,34.1428571429,4.42857142857,3.14285714286,6.27586206897,-0.778185917491,0.302172118906,48.1379310345,5.25862068966,4.24137931034,2.0,,0.5,2.0,1.5,1.0,,,,,,,4.0,-0.568097213686,0.370016957947,17.8461538462,2.88461538462,1.76923076923,2.0,,0.5,2.0,1.5,1.0,,,,,,,4.51612903226,-0.360742958525,0.324257739284,16.4516129032,3.01612903226,1.51612903226,2.0,,0.5,2.0,1.5,1.0,,,,,,,2.0,,0.5,2.0,1.5,1.0,2.0,,0.5,2.0,1.5,1.0,2.0,,0.5,2.0,1.5,1.0,,,,,,,3.825,-0.377895498615,0.39279331369,14.9625,2.73125,1.6375,,,,,,,2.0,,0.5,2.0,1.5,1.0,,,,,,,,,,,,,6.0,1.0,0.277777777778,18.0,3.5,1.0,4.0,0.0,0.3,10.0,2.5,1.0,2.16666666667,0.0,0.483333333333,2.66666666667,1.58333333333,1.0,,,,,,,,,,,,,2.0,,0.5,2.0,1.5,1.0,4.30434782609,-0.292229963261,0.337450995788,16.7608695652,3.01086956522,1.71739130435,,,,,,,2.0,,0.5,2.0,1.5,1.0,,,,,,,,,,,,,,,,,,,7.42857142857,-0.233385679675,0.277105856531,44.2857142857,5.35714285714,3.28571428571,4.94117647059,-0.789876765613,0.289196056848,30.5294117647,4.0,3.05882352941,1
1024,4.0,1.0,0.388888888889,10.0,2.5,1.0,9.66666666667,-1.39570012456,0.274316482968,102.0,9.33333333333,9.0,2.19047619048,1.0,0.489417989418,2.7619047619,1.59523809524,1.0,4.0,0.0,0.3,10.0,2.5,1.0,2.0,,0.5,2.0,1.5,1.0,4.8,-0.44734081912,0.374545454545,20.2,3.4,2.0,2.0,,0.5,2.0,1.5,1.0,2.0,,0.5,2.0,1.5,1.0,2.0,,0.5,2.0,1.5,1.0,7.42857142857,-1.13944266696,0.27851112078,54.4285714286,6.0,4.57142857143,5.33333333333,-0.867854030731,0.336458340104,31.9523809524,4.19047619048,3.04761904762,2.0,,0.5,2.0,1.5,1.0,2.0,,0.5,2.0,1.5,1.0,4.58823529412,-0.799038132749,0.324712350944,25.1764705882,3.67647058824,2.76470588235,2.0,,0.5,2.0,1.5,1.0,,,,,,,5.0303030303,-0.645074651412,0.326650959013,24.7878787879,3.74242424242,2.45454545455,2.0,,0.5,2.0,1.5,1.0,4.0,0.0,0.3,10.0,2.5,1.0,2.0,,0.5,2.0,1.5,1.0,2.0,,0.5,2.0,1.5,1.0,2.0,,0.5,2.0,1.5,1.0,4.0,0.0,0.3,10.0,2.5,1.0,4.10344827586,-0.350147623044,0.390335984744,18.9827586207,3.02586206897,1.94827586207,4.0,0.0,0.3,10.0,2.5,1.0,2.0,,0.5,2.0,1.5,1.0,,,,,,,4.8,-1.11220721094,0.370038253338,41.8,4.6,4.4,4.0,0.0,0.3,10.0,2.5,1.0,3.33333333333,-0.5,0.363888888889,12.0,2.5,1.66666666667,2.33333333333,0.0,0.466666666667,3.33333333333,1.66666666667,1.0,2.0,,0.5,2.0,1.5,1.0,,,,,,,2.0,,0.5,2.0,1.5,1.0,4.26315789474,-0.219029099095,0.326154501673,13.6315789474,2.81578947368,1.36842105263,2.0,,0.5,2.0,1.5,1.0,2.0,,0.5,2.0,1.5,1.0,,,,,,,6.0,-0.80647433859,0.281650641026,35.5,4.75,3.5,2.0,,0.5,2.0,1.5,1.0,8.4,-0.822807114106,0.277937539825,69.7,6.85,5.3,6.44444444444,-0.972034583931,0.282275549161,37.0,4.88888888889,3.33333333333,1
1025,,,,,,,6.0,-1.0,0.275,40.0,4.5,3.0,2.0,,0.5,2.0,1.5,1.0,,,,,,,2.0,,0.5,2.0,1.5,1.0,4.88888888889,0.0269205090149,0.309932659933,17.4444444444,3.22222222222,1.55555555556,2.0,,0.5,2.0,1.5,1.0,,,,,,,2.0,,0.5,2.0,1.5,1.0,4.0,-0.449208626992,0.322994652406,14.1428571429,2.71428571429,1.42857142857,3.29032258065,-0.311365419758,0.400083378272,10.3870967742,2.33870967742,1.38709677419,2.0,,0.5,2.0,1.5,1.0,,,,,,,4.22222222222,-0.468071293404,0.338831107322,17.2222222222,3.0,1.77777777778,2.0,,0.5,2.0,1.5,1.0,,,,,,,4.0,-0.391061583407,0.329227941176,13.5,2.75,1.5,,,,,,,,,,,,,2.0,,0.5,2.0,1.5,1.0,2.0,,0.5,2.0,1.5,1.0,2.0,,0.5,2.0,1.5,1.0,,,,,,,3.72727272727,-0.0517315710065,0.38194732914,11.3181818182,2.52272727273,1.31818181818,,,,,,,2.0,,0.5,2.0,1.5,1.0,,,,,,,4.66666666667,-0.94879230253,0.354017094017,22.0,3.5,2.33333333333,,,,,,,,,,,,,3.33333333333,0.0,0.366666666667,7.33333333333,2.16666666667,1.0,,,,,,,,,,,,,,,,,,,5.2,-0.508193257599,0.368203991131,17.6,3.3,1.4,,,,,,,2.0,,0.5,2.0,1.5,1.0,,,,,,,,,,,,,,,,,,,6.0,-0.847625880977,0.28,25.0,4.0,2.0,4.0,-0.5,0.360416666667,14.6666666667,2.83333333333,1.66666666667,1
1026,,,,,,,,,,,,,3.0,0.0,0.4,6.0,2.0,1.0,,,,,,,2.0,,0.5,2.0,1.5,1.0,3.5,-0.33449810105,0.347875816993,13.25,2.625,1.75,2.0,,0.5,2.0,1.5,1.0,2.0,,0.5,2.0,1.5,1.0,2.0,,0.5,2.0,1.5,1.0,6.25,-0.846965788334,0.307587090222,35.75,4.75,3.25,4.77777777778,-0.768858942459,0.334748948211,27.6111111111,3.86111111111,2.94444444444,2.0,,0.5,2.0,1.5,1.0,,,,,,,4.16129032258,-0.755092368703,0.35121150802,26.3870967742,3.54838709677,2.93548387097,2.0,,0.5,2.0,1.5,1.0,,,,,,,3.55555555556,-0.47122031162,0.384286898839,16.1111111111,2.77777777778,2.0,,,,,,,,,,,,,,,,,,,,,,,,,2.03149606299,0.0,0.496850393701,2.12598425197,1.5157480315,1.0,2.0,,0.5,2.0,1.5,1.0,3.9,-0.662004011087,0.37342935227,18.8,3.05,2.2,2.0,,0.5,2.0,1.5,1.0,,,,,,,,,,,,,,,,,,,,,,,,,,,,,,,,,,,,,,,,,,,,,,,,,2.0,,0.5,2.0,1.5,1.0,3.0,-0.525840344631,0.397222222222,14.75,2.625,2.25,,,,,,,,,,,,,,,,,,,6.0,1.0,0.277777777778,18.0,3.5,1.0,5.0,-1.12471120128,0.337137681159,38.5,4.75,4.5,8.0,-1.0,0.275,40.0,5.5,3.0,,,,,,,1
1027,,,,,,,,,,,,,2.0,,0.5,2.0,1.5,1.0,,,,,,,2.0,,0.5,2.0,1.5,1.0,3.73333333333,0.2,0.36431372549,8.93333333333,2.36666666667,1.0,2.0,,0.5,2.0,1.5,1.0,,,,,,,2.0,,0.5,2.0,1.5,1.0,6.25,-0.882820868207,0.284539287186,48.625,5.3125,4.375,5.6,-0.684674419457,0.307938623381,45.5,4.75,3.9,,,,,,,,,,,,,4.0,0.0,0.3,10.0,2.5,1.0,2.0,,0.5,2.0,1.5,1.0,,,,,,,3.66666666667,-0.211906470244,0.363333333333,9.83333333333,2.41666666667,1.16666666667,2.0,,0.5,2.0,1.5,1.0,,,,,,,2.0,,0.5,2.0,1.5,1.0,2.0,,0.5,2.0,1.5,1.0,2.0,,0.5,2.0,1.5,1.0,,,,,,,3.28,-0.213899320191,0.409315384615,8.8,2.26,1.24,,,,,,,,,,,,,,,,,,,,,,,,,6.0,1.0,0.277777777778,18.0,3.5,1.0,4.0,0.0,0.3,10.0,2.5,1.0,,,,,,,,,,,,,,,,,,,,,,,,,5.81818181818,-0.214123506588,0.302493931503,29.0909090909,4.04545454545,2.27272727273,2.0,,0.5,2.0,1.5,1.0,2.0,,0.5,2.0,1.5,1.0,,,,,,,,,,,,,,,,,,,8.0,-0.784635927881,0.272727272727,33.0,5.0,2.0,4.0,-1.0,0.291666666667,24.0,3.5,3.0,1
1028,,,,,,,,,,,,,2.0,,0.5,2.0,1.5,1.0,,,,,,,2.0,,0.5,2.0,1.5,1.0,3.0,-0.955307917037,0.397058823529,9.5,2.25,1.5,2.0,,0.5,2.0,1.5,1.0,,,,,,,2.0,,0.5,2.0,1.5,1.0,,,,,,,2.4,0.0,0.46,3.6,1.7,1.0,,,,,,,,,,,,,3.0,-0.281494976548,0.430208333333,8.33333333333,2.16666666667,1.33333333333,,,,,,,,,,,,,,,,,,,,,,,,,,,,,,,,,,,,,2.0,,0.5,2.0,1.5,1.0,,,,,,,,,,,,,2.0,,0.5,2.0,1.5,1.0,,,,,,,2.0,,0.5,2.0,1.5,1.0,,,,,,,,,,,,,,,,,,,2.0,,0.5,2.0,1.5,1.0,,,,,,,,,,,,,,,,,,,,,,,,,4.0,0.0,0.3,10.0,2.5,1.0,,,,,,,,,,,,,,,,,,,,,,,,,,,,,,,,,,,,,,,,,,,1
1029,,,,,,,6.66666666667,-1.18825353046,0.282315521503,54.6666666667,5.94444444444,5.22222222222,2.66666666667,-0.38944905443,0.478219315895,7.09523809524,1.95238095238,1.2380952381,,,,,,,2.06451612903,0.0,0.493548387097,2.25806451613,1.53225806452,1.0,4.42857142857,-0.79891592046,0.362295106854,18.2142857143,3.17857142857,1.92857142857,2.0,,0.5,2.0,1.5,1.0,2.0,,0.5,2.0,1.5,1.0,2.0,,0.5,2.0,1.5,1.0,5.57142857143,-0.848685902937,0.297256017961,34.7142857143,4.35714285714,3.14285714286,5.75,-1.0191651918,0.32630627693,42.6,4.875,4.0,2.0,,0.5,2.0,1.5,1.0,,,,,,,4.60869565217,-0.364925159653,0.360411755883,19.7391304348,3.32608695652,2.04347826087,2.0,,0.5,2.0,1.5,1.0,,,,,,,3.73684210526,-0.403082674931,0.36426879085,12.6315789474,2.63157894737,1.52631578947,2.0,,0.5,2.0,1.5,1.0,6.0,-0.847625880977,0.28,25.0,4.0,2.0,2.0,,0.5,2.0,1.5,1.0,2.0,,0.5,2.0,1.5,1.0,2.0,,0.5,2.0,1.5,1.0,4.0,-0.477653958518,0.297058823529,13.5,2.75,1.5,2.9900990099,-0.448124458755,0.432104789549,8.74257425743,2.18811881188,1.38613861386,4.0,0.0,0.3,10.0,2.5,1.0,2.0,,0.5,2.0,1.5,1.0,,,,,,,8.0,-1.31057420065,0.277660609994,79.5,7.75,7.5,6.0,1.0,0.277777777778,18.0,3.5,1.0,4.16666666667,-0.610522636236,0.359127415459,18.3333333333,3.08333333333,2.0,2.33333333333,0.0,0.466666666667,3.33333333333,1.66666666667,1.0,2.0,,0.5,2.0,1.5,1.0,,,,,,,,,,,,,3.875,-0.181398248434,0.342228457987,11.1041666667,2.55208333333,1.22916666667,5.33333333333,-0.180667564557,0.35145784082,22.3333333333,3.66666666667,2.0,2.0,,0.5,2.0,1.5,1.0,2.0,,0.5,2.0,1.5,1.0,6.0,-0.987556091301,0.283238762328,32.0,4.5,3.0,6.0,-0.455307917037,0.385416666667,25.0,4.0,2.0,5.0,-0.662639919748,0.288529411765,19.25,3.375,1.75,6.15384615385,-1.03940161506,0.283669608238,43.4615384615,5.30769230769,4.46153846154,1
1030,,,,,,,6.0,-1.0,0.28125,32.0,4.5,3.0,2.0,,0.5,2.0,1.5,1.0,,,,,,,2.57142857143,-0.847625880977,0.468571428571,5.28571428571,1.85714285714,1.14285714286,5.42857142857,-0.710955487012,0.34789324323,43.0,4.42857142857,3.42857142857,2.0,,0.5,2.0,1.5,1.0,,,,,,,2.0,,0.5,2.0,1.5,1.0,5.5,-0.576994567021,0.284138850635,30.0,4.25,3.0,5.0,-0.19812031259,0.292857142857,25.0,3.5,2.0,2.0,,0.5,2.0,1.5,1.0,,,,,,,4.75,-1.10399610358,0.388869895934,29.375,3.6875,2.625,2.0,,0.5,2.0,1.5,1.0,,,,,,,5.06666666667,-0.492178266941,0.33276727589,35.2666666667,4.0,2.93333333333,2.0,,0.5,2.0,1.5,1.0,,,,,,,2.0,,0.5,2.0,1.5,1.0,2.0,,0.5,2.0,1.5,1.0,2.0,,0.5,2.0,1.5,1.0,,,,,,,2.78260869565,-0.224604313496,0.445869565217,6.04347826087,1.95652173913,1.13043478261,,,,,,,2.0,,0.5,2.0,1.5,1.0,,,,,,,,,,,,,,,,,,,4.66666666667,-0.39231796394,0.357575757576,15.0,3.0,1.33333333333,2.0,,0.5,2.0,1.5,1.0,2.0,,0.5,2.0,1.5,1.0,,,,,,,2.0,,0.5,2.0,1.5,1.0,4.51851851852,-0.463385167086,0.329209065673,17.2962962963,3.11111111111,1.7037037037,6.4,-0.184128408863,0.288571428571,25.2,4.1,1.8,,,,,,,,,,,,,6.0,-0.876387886954,0.325813397772,53.4,5.0,4.0,,,,,,,6.4,-0.0117915085376,0.323182346109,26.8,4.1,1.8,3.33333333333,-0.955307917037,0.362745098039,12.0,2.5,1.66666666667,1
1031,,,,,,,,,,,,,2.0,,0.5,2.0,1.5,1.0,,,,,,,,,,,,,,,,,,,,,,,,,,,,,,,,,,,,,,,,,,,,,,,,,,,,,,,,,,,,,,,,,,,,,,,,,,,,,,,,,,,,,,,,,,,,,,,,,,,,,,,,,,,,,,,,,,,,,,,,,,,,,,,,,,,,,,,,,,,,,,,,,,,,,,,,,,,,,,,,,,,,,,,,,,,,,,,,,,,,,,,,,,,,,,,,,,,,,,,,,,,,,,,,,,,,,,,,,,,,,,,,,,,,,,,,,,,1
1033,8.0,-1.40494764285,0.277777777778,90.0,8.5,9.0,3.33333333333,-1.01341040555,0.360663082437,19.0,3.0,2.66666666667,2.0,,0.5,2.0,1.5,1.0,,,,,,,2.0,,0.5,2.0,1.5,1.0,6.66666666667,-0.890887371062,0.284493284493,39.6666666667,5.0,3.33333333333,2.0,,0.5,2.0,1.5,1.0,,,,,,,2.0,,0.5,2.0,1.5,1.0,5.5,-1.09653892461,0.284476683497,42.5,5.0,4.5,5.5,-0.621454560416,0.326443650566,25.2,3.85,2.2,2.0,,0.5,2.0,1.5,1.0,,,,,,,4.0,-1.03320274593,0.357972599296,18.1666666667,3.08333333333,2.16666666667,2.0,,0.5,2.0,1.5,1.0,,,,,,,3.57142857143,-0.251829787013,0.354788165266,10.7857142857,2.46428571429,1.35714285714,2.0,,0.5,2.0,1.5,1.0,,,,,,,2.0,,0.5,2.0,1.5,1.0,2.0,,0.5,2.0,1.5,1.0,2.0,,0.5,2.0,1.5,1.0,,,,,,,4.94444444444,-0.62776339535,0.389532244788,23.9166666667,3.56944444444,2.19444444444,,,,,,,2.4,0.0,0.46,3.6,1.7,1.0,2.0,,0.5,2.0,1.5,1.0,,,,,,,6.0,1.0,0.277777777778,18.0,3.5,1.0,4.0,0.0,0.3,10.0,2.5,1.0,2.0,,0.5,2.0,1.5,1.0,,,,,,,,,,,,,,,,,,,4.84210526316,-0.170537368258,0.338248509417,17.2631578947,3.18421052632,1.52631578947,,,,,,,,,,,,,,,,,,,7.0,-0.908065452214,0.277244318182,32.5,4.75,2.5,,,,,,,8.0,0.214636586403,0.274973820431,36.1428571429,5.14285714286,2.28571428571,4.0,-1.0,0.291666666667,24.0,3.5,3.0,1
1034,,,,,,,8.85714285714,-1.37860372875,0.27675937212,101.285714286,9.19047619048,9.52380952381,2.8125,-0.24712849753,0.448019211691,8.34375,2.109375,1.40625,,,,,,,2.21052631579,-0.477653958518,0.478637770898,3.21052631579,1.63157894737,1.05263157895,6.0,-0.890749900873,0.319393638,34.6666666667,4.5,3.0,2.0,,0.5,2.0,1.5,1.0,2.0,,0.5,2.0,1.5,1.0,2.0,,0.5,2.0,1.5,1.0,8.09090909091,-1.17166999739,0.289804525092,82.5909090909,7.70454545455,7.31818181818,6.60606060606,-0.943870857543,0.31404628833,56.7878787879,5.74242424242,4.87878787879,2.0,,0.5,2.0,1.5,1.0,,,,,,,6.61538461538,-1.09531665076,0.374779855164,75.3461538462,6.51923076923,6.42307692308,2.0,,0.5,2.0,1.5,1.0,,,,,,,4.13114754098,-0.394656810197,0.350564424542,17.7704918033,3.00819672131,1.88524590164,2.0,,0.5,2.0,1.5,1.0,,,,,,,2.0,,0.5,2.0,1.5,1.0,2.0,,0.5,2.0,1.5,1.0,2.0,,0.5,2.0,1.5,1.0,3.33333333333,-0.5,0.363888888889,12.0,2.5,1.66666666667,2.75229357798,-0.242011335073,0.447423938434,6.10091743119,1.95412844037,1.15596330275,2.0,,0.5,2.0,1.5,1.0,2.0,,0.5,2.0,1.5,1.0,,,,,,,6.0,-1.09172261161,0.284283993098,58.1666666667,6.08333333333,6.16666666667,,,,,,,3.5,-0.776411356245,0.394590792839,13.25,2.625,1.75,2.23529411765,0.0,0.476470588235,2.94117647059,1.61764705882,1.0,,,,,,,,,,,,,,,,,,,4.88095238095,-0.499534918381,0.341577764062,24.1071428571,3.60119047619,2.32142857143,5.0,-0.524979362042,0.291025641026,24.5,3.75,2.5,2.0,,0.5,2.0,1.5,1.0,,,,,,,6.61538461538,-1.20996625258,0.282167517047,54.3846153846,5.92307692308,5.23076923077,4.66666666667,-0.667669330481,0.359259259259,22.0,3.5,2.33333333333,5.86666666667,-0.460204961787,0.295180457053,24.4666666667,3.93333333333,2.0,6.85714285714,-0.811940853073,0.28253432454,55.0714285714,5.96428571429,5.07142857143,1
1035,,,,,,,,,,,,,,,,,,,,,,,,,3.0,0.0,0.4,6.0,2.0,1.0,,,,,,,,,,,,,,,,,,,,,,,,,,,,,,,,,,,,,2.0,,0.5,2.0,1.5,1.0,,,,,,,,,,,,,,,,,,,,,,,,,,,,,,,,,,,,,,,,,,,,,,,,,,,,,,,,,,,,,2.0,,0.5,2.0,1.5,1.0,6.0,1.0,0.277777777778,18.0,3.5,1.0,,,,,,,,,,,,,,,,,,,,,,,,,,,,,,,,,,,,,,,,,,,,,,,,,,,,,,,,,,,,,,,,,,,,,,,,,,,,,,,,,,,,,,,,,,,,,,,,,,,,,,,,,,,,,1
1036,,,,,,,9.14285714286,-1.31277440356,0.275679549885,77.8571428571,7.71428571429,6.28571428571,2.36363636364,-0.477653958518,0.463101604278,4.09090909091,1.72727272727,1.09090909091,,,,,,,2.0,,0.5,2.0,1.5,1.0,5.64705882353,-0.617291663433,0.321569651033,25.7058823529,3.94117647059,2.23529411765,2.0,,0.5,2.0,1.5,1.0,2.0,,0.5,2.0,1.5,1.0,2.0,,0.5,2.0,1.5,1.0,7.75,-1.01791796904,0.275609386369,71.375,6.6875,5.625,5.1875,-0.518213909403,0.308192860419,26.1875,3.75,2.3125,2.0,,0.5,2.0,1.5,1.0,,,,,,,6.0,-0.966938581034,0.321323550734,45.1818181818,4.81818181818,3.63636363636,2.0,,0.5,2.0,1.5,1.0,,,,,,,4.69230769231,-0.394802209171,0.315166639867,17.6153846154,3.19230769231,1.69230769231,2.0,,0.5,2.0,1.5,1.0,,,,,,,2.0,,0.5,2.0,1.5,1.0,,,,,,,2.0,,0.5,2.0,1.5,1.0,6.0,1.0,0.277777777778,18.0,3.5,1.0,3.66153846154,-0.455878872752,0.388058182779,13.2307692308,2.62307692308,1.58461538462,4.0,-0.955307917037,0.294117647059,17.0,3.0,2.0,2.25,0.0,0.475,3.0,1.625,1.0,,,,,,,4.0,-0.955307917037,0.294117647059,17.0,3.0,2.0,4.0,0.0,0.3,10.0,2.5,1.0,3.0,-0.955307917037,0.397058823529,9.5,2.25,1.5,2.23529411765,0.0,0.476470588235,2.94117647059,1.61764705882,1.0,2.0,,0.5,2.0,1.5,1.0,,,,,,,2.0,,0.5,2.0,1.5,1.0,4.34408602151,-0.463372226549,0.33195737451,17.2795698925,3.03225806452,1.72043010753,7.0,-0.706975458305,0.283720930233,48.0,5.0,3.0,2.0,,0.5,2.0,1.5,1.0,2.0,,0.5,2.0,1.5,1.0,6.0,-1.30513609882,0.282736870972,48.5,5.25,4.5,,,,,,,5.5,0.204945247425,0.315294748561,24.5,3.66666666667,1.83333333333,7.16666666667,-0.816534635457,0.278988798856,41.6666666667,5.25,3.33333333333,1
1037,6.0,1.0,0.277777777778,18.0,3.5,1.0,7.0,-1.28386207914,0.27797144072,60.3333333333,6.16666666667,5.33333333333,3.0,0.5,0.42962962963,6.0,2.0,1.0,,,,,,,2.66666666667,0.0,0.433333333333,4.66666666667,1.83333333333,1.0,5.5652173913,-0.825442175397,0.340546511875,38.0869565217,4.36956521739,3.17391304348,2.0,,0.5,2.0,1.5,1.0,2.0,,0.5,2.0,1.5,1.0,2.0,,0.5,2.0,1.5,1.0,6.63157894737,-1.08123283577,0.282107155074,53.2631578947,5.55263157895,4.47368421053,4.68965517241,-0.571131655927,0.319798484029,23.6206896552,3.48275862069,2.27586206897,2.0,,0.5,2.0,1.5,1.0,,,,,,,3.90909090909,-0.171754560555,0.382217130987,13.5454545455,2.68181818182,1.45454545455,2.0,,0.5,2.0,1.5,1.0,,,,,,,4.25,-0.358762070654,0.331395937855,15.9375,2.90625,1.5625,2.0,,0.5,2.0,1.5,1.0,,,,,,,2.0,,0.5,2.0,1.5,1.0,2.0,,0.5,2.0,1.5,1.0,2.0,,0.5,2.0,1.5,1.0,4.0,-0.477653958518,0.297058823529,13.5,2.75,1.5,3.41333333333,-0.500007090393,0.405654115578,13.2133333333,2.52,1.62666666667,2.0,,0.5,2.0,1.5,1.0,2.0,,0.5,2.0,1.5,1.0,,,,,,,8.0,-1.62486298538,0.276315789474,76.0,7.5,7.0,6.0,1.0,0.277777777778,18.0,3.5,1.0,3.66666666667,-0.261545309294,0.395454545455,9.83333333333,2.41666666667,1.16666666667,2.2,0.0,0.48,2.8,1.6,1.0,2.0,,0.5,2.0,1.5,1.0,,,,,,,2.0,,0.5,2.0,1.5,1.0,4.04347826087,-0.322488780693,0.368404507203,13.9130434783,2.73913043478,1.4347826087,,,,,,,2.0,,0.5,2.0,1.5,1.0,,,,,,,6.85714285714,-1.0569853754,0.283160424889,48.4285714286,5.28571428571,3.71428571429,2.0,,0.5,2.0,1.5,1.0,3.33333333333,-0.333333333333,0.396875,9.66666666667,2.33333333333,1.33333333333,4.25,-0.725366724752,0.292598039216,19.75,3.25,2.25,1
1038,,,,,,,6.0,-0.977653958518,0.284558823529,28.5,4.25,2.5,2.22222222222,0.0,0.477777777778,2.88888888889,1.61111111111,1.0,,,,,,,2.16,0.0,0.484,2.64,1.58,1.0,4.90909090909,-0.664307309199,0.307511748501,22.7272727273,3.5,2.09090909091,2.0,,0.5,2.0,1.5,1.0,,,,,,,,,,,,,5.85714285714,-0.840355023172,0.282370217591,33.2857142857,4.35714285714,2.85714285714,4.28571428571,-0.589151783564,0.363381738875,19.2857142857,3.14285714286,2.0,2.0,,0.5,2.0,1.5,1.0,8.0,-0.918561441198,0.276315789474,76.0,7.5,7.0,5.25,-0.483460231606,0.313893995098,23.0,3.625,2.0,2.0,,0.5,2.0,1.5,1.0,,,,,,,4.5,-0.387536907031,0.335261257854,18.1590909091,3.125,1.75,2.0,,0.5,2.0,1.5,1.0,2.0,,0.5,2.0,1.5,1.0,2.0,,0.5,2.0,1.5,1.0,,,,,,,2.0,,0.5,2.0,1.5,1.0,,,,,,,3.70114942529,-0.24120623234,0.374702397581,11.4712643678,2.53448275862,1.36781609195,,,,,,,2.0,,0.5,2.0,1.5,1.0,,,,,,,5.11111111111,-0.913786990481,0.287743422155,25.3333333333,3.83333333333,2.55555555556,8.0,-0.784635927881,0.272727272727,33.0,5.0,2.0,5.0,-0.423812940488,0.29,17.5,3.25,1.5,2.25,0.0,0.475,3.0,1.625,1.0,2.0,,0.5,2.0,1.5,1.0,,,,,,,,,,,,,4.07272727273,-0.396527312749,0.35951388576,13.2363636364,2.73636363636,1.4,,,,,,,2.0,,0.5,2.0,1.5,1.0,,,,,,,6.22222222222,-0.982515626661,0.30310483871,38.1111111111,4.66666666667,3.11111111111,2.0,,0.5,2.0,1.5,1.0,7.14285714286,-0.349113000087,0.280200481034,31.8571428571,4.57142857143,2.0,6.28571428571,-0.91623106028,0.282913955054,35.2142857143,4.75,3.21428571429,1
1039,2.0,,0.5,2.0,1.5,1.0,5.0,-1.33533866096,0.388888888889,28.0,4.0,3.0,2.0,,0.5,2.0,1.5,1.0,,,,,,,2.0,,0.5,2.0,1.5,1.0,5.4,-0.488190834185,0.346962105059,27.0,3.9,2.4,2.0,,0.5,2.0,1.5,1.0,2.0,,0.5,2.0,1.5,1.0,2.0,,0.5,2.0,1.5,1.0,5.33333333333,0.186047229873,0.286517783292,22.3333333333,3.66666666667,2.0,3.81818181818,-0.469780214381,0.349953208556,12.4545454545,2.63636363636,1.45454545455,2.0,,0.5,2.0,1.5,1.0,,,,,,,5.33333333333,-0.910611085655,0.350120772947,37.0,4.33333333333,3.33333333333,2.0,,0.5,2.0,1.5,1.0,,,,,,,4.625,-0.244241496291,0.331036585366,14.25,2.9375,1.25,,,,,,,,,,,,,2.0,,0.5,2.0,1.5,1.0,2.0,,0.5,2.0,1.5,1.0,2.0,,0.5,2.0,1.5,1.0,,,,,,,2.52631578947,0.348230694321,0.465772273822,4.47368421053,1.78947368421,1.05263157895,,,,,,,2.0,,0.5,2.0,1.5,1.0,,,,,,,6.0,-0.847625880977,0.28,25.0,4.0,2.0,,,,,,,4.0,0.0,0.3,10.0,2.5,1.0,2.4,0.0,0.46,3.6,1.7,1.0,2.0,,0.5,2.0,1.5,1.0,,,,,,,,,,,,,3.69230769231,-0.387505803872,0.373292782435,12.5384615385,2.61538461538,1.53846153846,6.0,1.0,0.277777777778,18.0,3.5,1.0,2.0,,0.5,2.0,1.5,1.0,,,,,,,4.0,0.0,0.3,10.0,2.5,1.0,,,,,,,6.0,0.134124706341,0.27845727722,25.3333333333,3.83333333333,1.66666666667,4.0,0.0,0.3,10.0,2.5,1.0,1
1040,,,,,,,7.66666666667,-0.999534104149,0.319048205875,53.0,6.16666666667,4.66666666667,2.35714285714,0.428571428571,0.47380952381,3.42857142857,1.67857142857,1.0,8.0,-1.33533866096,0.277777777778,54.0,6.5,5.0,2.4347826087,0.0507913730077,0.472077294686,4.04347826087,1.73913043478,1.04347826087,4.52631578947,-0.495589573212,0.366182204405,18.4736842105,3.15789473684,1.78947368421,2.0,,0.5,2.0,1.5,1.0,2.0,,0.5,2.0,1.5,1.0,2.0,,0.5,2.0,1.5,1.0,7.54545454545,-0.969712513687,0.282649493516,55.2727272727,6.18181818182,4.81818181818,6.69565217391,-0.907322611116,0.293074195679,48.7826086957,5.5,4.30434782609,2.0,,0.5,2.0,1.5,1.0,,,,,,,5.51219512195,-0.454513826468,0.322621467847,32.9512195122,4.17073170732,2.82926829268,2.0,,0.5,2.0,1.5,1.0,,,,,,,4.0,-0.31680650034,0.363278197946,14.6,2.76,1.52,2.0,,0.5,2.0,1.5,1.0,,,,,,,2.0,,0.5,2.0,1.5,1.0,2.0,,0.5,2.0,1.5,1.0,2.0,,0.5,2.0,1.5,1.0,3.5,0.0,0.35,8.0,2.25,1.0,3.06306306306,-0.462019518071,0.430412386221,8.62162162162,2.18018018018,1.2972972973,2.0,,0.5,2.0,1.5,1.0,2.0,,0.5,2.0,1.5,1.0,2.0,,0.5,2.0,1.5,1.0,7.33333333333,-1.00338391831,0.280111958095,49.9166666667,5.875,4.41666666667,,,,,,,2.0,,0.5,2.0,1.5,1.0,2.5,0.0,0.45,4.0,1.75,1.0,2.0,,0.5,2.0,1.5,1.0,,,,,,,,,,,,,4.18181818182,-0.180658232402,0.366558316343,13.9454545455,2.8,1.41818181818,,,,,,,2.0,,0.5,2.0,1.5,1.0,,,,,,,5.71428571429,-0.745513443165,0.285003946395,29.8571428571,4.28571428571,2.85714285714,10.0,-1.34030650065,0.276315789474,76.0,8.5,7.0,5.88235294118,-0.3791136471,0.284657752552,29.3529411765,4.11764705882,2.35294117647,6.92307692308,-0.809205777014,0.29983532535,37.0769230769,4.88461538462,2.84615384615,1
1043,,,,,,,,,,,,,2.5,0.5,0.464814814815,4.0,1.75,1.0,,,,,,,,,,,,,3.69230769231,-0.287866724752,0.373009049774,10.9230769231,2.5,1.30769230769,2.0,,0.5,2.0,1.5,1.0,2.0,,0.5,2.0,1.5,1.0,2.0,,0.5,2.0,1.5,1.0,6.22222222222,-1.01606571263,0.305524938417,34.5555555556,4.66666666667,3.11111111111,5.0,-1.36133512911,0.38829787234,24.5,3.75,2.5,2.0,,0.5,2.0,1.5,1.0,,,,,,,3.33333333333,-0.582123166815,0.385498366013,10.4444444444,2.38888888889,1.44444444444,2.0,,0.5,2.0,1.5,1.0,,,,,,,4.0,-0.470205278024,0.390127314815,14.6666666667,2.83333333333,1.66666666667,,,,,,,,,,,,,,,,,,,2.0,,0.5,2.0,1.5,1.0,2.0,,0.5,2.0,1.5,1.0,,,,,,,2.72,-0.382938759929,0.458159090909,7.16,2.0,1.28,2.0,,0.5,2.0,1.5,1.0,,,,,,,,,,,,,4.0,-0.955307917037,0.294117647059,17.0,3.0,2.0,2.0,,0.5,2.0,1.5,1.0,2.0,,0.5,2.0,1.5,1.0,2.0,,0.5,2.0,1.5,1.0,,,,,,,,,,,,,,,,,,,3.5,0.0,0.35,8.0,2.25,1.0,,,,,,,,,,,,,,,,,,,4.0,-0.227653958518,0.333202614379,12.8,2.7,1.4,4.0,0.0,0.3,10.0,2.5,1.0,,,,,,,4.0,0.0,0.3,10.0,2.5,1.0,1
1044,,,,,,,8.5,-1.21489011628,0.273414987887,73.25,7.125,5.75,4.72727272727,-1.0,0.397727272727,19.2727272727,3.31818181818,1.90909090909,,,,,,,2.47619047619,0.0,0.452380952381,3.90476190476,1.7380952381,1.0,4.85714285714,0.164624874146,0.290793650794,14.4285714286,3.0,1.14285714286,2.0,,0.5,2.0,1.5,1.0,,,,,,,2.0,,0.5,2.0,1.5,1.0,8.0,-1.30048848994,0.276611662607,86.2857142857,7.5,7.0,7.38461538462,-1.14955964194,0.306844860562,106.179487179,8.0,8.61538461538,2.0,,0.5,2.0,1.5,1.0,,,,,,,4.66666666667,-0.215610292155,0.317117102397,17.4666666667,3.1,1.53333333333,2.0,,0.5,2.0,1.5,1.0,,,,,,,3.88235294118,-0.29565096525,0.371009146563,12.4411764706,2.63235294118,1.38235294118,2.0,,0.5,2.0,1.5,1.0,,,,,,,2.0,,0.5,2.0,1.5,1.0,2.0,,0.5,2.0,1.5,1.0,2.0,,0.5,2.0,1.5,1.0,,,,,,,3.30952380952,-0.268230083783,0.399878512902,9.60714285714,2.30357142857,1.29761904762,,,,,,,2.0,,0.5,2.0,1.5,1.0,,,,,,,6.0,-1.06676541068,0.281553325901,36.6666666667,4.83333333333,3.66666666667,,,,,,,4.33333333333,-0.141270980163,0.296666666667,12.5,2.75,1.16666666667,2.0,,0.5,2.0,1.5,1.0,2.0,,0.5,2.0,1.5,1.0,,,,,,,2.0,,0.5,2.0,1.5,1.0,4.51724137931,-0.247036796859,0.32316031965,16.0517241379,3.04310344828,1.56896551724,5.0,-1.51823275908,0.385294117647,43.5,4.25,3.5,,,,,,,,,,,,,5.66666666667,-0.981177756271,0.283973311547,30.6666666667,4.33333333333,3.0,4.0,-0.955307917037,0.294117647059,17.0,3.0,2.0,6.0,-0.847625880977,0.28,25.0,4.0,2.0,5.66666666667,-0.847407666204,0.319389978214,35.5,4.58333333333,3.5,1
1045,,,,,,,,,,,,,2.0,,0.5,2.0,1.5,1.0,,,,,,,2.0,,0.5,2.0,1.5,1.0,3.4,-0.482124093702,0.37504532996,11.8,2.5,1.6,2.0,,0.5,2.0,1.5,1.0,,,,,,,2.0,,0.5,2.0,1.5,1.0,6.0,-1.0,0.28125,32.0,4.5,3.0,4.54545454545,-0.539031328492,0.354340229425,25.2272727273,3.52272727273,2.5,2.0,,0.5,2.0,1.5,1.0,6.0,-1.09094870948,0.277777777778,54.0,5.5,5.0,3.55555555556,-0.692578925607,0.340754796542,13.6666666667,2.66666666667,1.77777777778,2.0,,0.5,2.0,1.5,1.0,,,,,,,4.66666666667,-0.147731679154,0.32571988197,20.4166666667,3.29166666667,1.91666666667,,,,,,,,,,,,,2.0,,0.5,2.0,1.5,1.0,,,,,,,2.0,,0.5,2.0,1.5,1.0,,,,,,,3.08333333333,-0.273206058284,0.406559122046,8.08333333333,2.16666666667,1.25,,,,,,,,,,,,,,,,,,,,,,,,,,,,,,,2.0,,0.5,2.0,1.5,1.0,2.0,,0.5,2.0,1.5,1.0,,,,,,,,,,,,,,,,,,,4.30769230769,-0.462003276276,0.325444808797,18.2307692308,3.15384615385,2.0,,,,,,,2.0,,0.5,2.0,1.5,1.0,,,,,,,,,,,,,,,,,,,4.8,-0.339050352391,0.292,16.0,3.1,1.4,3.33333333333,-0.955307917037,0.362745098039,12.0,2.5,1.66666666667,1
1046,,,,,,,,,,,,,2.28,-0.141270980163,0.4756,3.26,1.65,1.02,,,,,,,2.0,,0.5,2.0,1.5,1.0,3.6,0.0,0.34,8.4,2.3,1.0,2.0,,0.5,2.0,1.5,1.0,,,,,,,2.0,,0.5,2.0,1.5,1.0,4.0,-0.513410405552,0.295161290323,20.5,3.25,2.5,3.36842105263,-0.177268338708,0.401373103854,10.1052631579,2.34210526316,1.31578947368,2.0,,0.5,2.0,1.5,1.0,,,,,,,3.72727272727,-0.522635302552,0.35861073975,13.3636363636,2.68181818182,1.63636363636,2.0,,0.5,2.0,1.5,1.0,,,,,,,4.0,1.0,0.388888888889,10.0,2.5,1.0,,,,,,,,,,,,,,,,,,,2.0,,0.5,2.0,1.5,1.0,2.0,,0.5,2.0,1.5,1.0,3.0,0.0,0.4,6.0,2.0,1.0,2.34782608696,-0.727653958518,0.464343563512,4.60869565217,1.76086956522,1.17391304348,,,,,,,,,,,,,,,,,,,4.0,0.0,0.3,10.0,2.5,1.0,,,,,,,3.2,-0.457037020551,0.397616892911,9.6,2.3,1.4,,,,,,,,,,,,,,,,,,,2.0,,0.5,2.0,1.5,1.0,5.25,0.258333078824,0.287519246481,17.625,3.3125,1.375,,,,,,,2.0,,0.5,2.0,1.5,1.0,,,,,,,6.0,-0.784635927881,0.272727272727,33.0,4.0,2.0,,,,,,,2.66666666667,0.0,0.433333333333,4.66666666667,1.83333333333,1.0,4.0,-0.955307917037,0.294117647059,17.0,3.0,2.0,1
1047,4.0,0.0,0.3,10.0,2.5,1.0,6.0,-1.12270455338,0.281433284457,46.6666666667,5.16666666667,4.33333333333,2.25,0.0,0.475,3.0,1.625,1.0,,,,,,,2.0,,0.5,2.0,1.5,1.0,5.25,-0.864580839565,0.286630923203,26.375,3.9375,2.625,2.0,,0.5,2.0,1.5,1.0,2.0,,0.5,2.0,1.5,1.0,2.0,,0.5,2.0,1.5,1.0,7.54545454545,-0.764641537333,0.278482003789,54.1818181818,6.0,4.45454545455,4.8125,-0.770196501353,0.327809979441,25.21875,3.671875,2.53125,2.0,,0.5,2.0,1.5,1.0,,,,,,,5.7,-0.640423008043,0.346589816134,32.95,4.275,2.85,2.0,,0.5,2.0,1.5,1.0,,,,,,,4.19047619048,-0.274632658067,0.331839563416,15.4126984127,2.87301587302,1.55555555556,2.0,,0.5,2.0,1.5,1.0,4.0,-0.955307917037,0.294117647059,17.0,3.0,2.0,2.0,,0.5,2.0,1.5,1.0,2.0,,0.5,2.0,1.5,1.0,2.07407407407,0.0,0.492592592593,2.2962962963,1.53703703704,1.0,2.0,,0.5,2.0,1.5,1.0,3.56363636364,-0.562621361338,0.408168914657,13.4636363636,2.62272727273,1.68181818182,2.5,0.0,0.45,4.0,1.75,1.0,2.0,,0.5,2.0,1.5,1.0,,,,,,,7.33333333333,-1.36985657271,0.278324165149,54.3333333333,6.0,4.66666666667,,,,,,,4.0,-0.55164834301,0.328039215686,13.5,2.75,1.5,2.09523809524,0.0,0.490476190476,2.38095238095,1.54761904762,1.0,2.0,,0.5,2.0,1.5,1.0,,,,,,,2.0,,0.5,2.0,1.5,1.0,3.88732394366,-0.169392134637,0.352678276066,12.1267605634,2.61971830986,1.35211267606,7.33333333333,-0.943096725677,0.275692721257,49.6666666667,5.66666666667,4.0,2.0,,0.5,2.0,1.5,1.0,,,,,,,5.84615384615,-1.01454905414,0.284527665848,35.9230769231,4.61538461538,3.38461538462,5.0,-0.281494976548,0.290625,21.0,3.5,2.0,6.13333333333,-0.0933566164176,0.280544832074,27.6666666667,4.06666666667,2.0,4.8,-0.75164834301,0.288647058824,21.8,3.4,2.0,1
1048,2.0,,0.5,2.0,1.5,1.0,,,,,,,4.0,0.5,0.359259259259,10.0,2.5,1.0,,,,,,,2.0,,0.5,2.0,1.5,1.0,4.0,-0.300488966336,0.32487394958,12.0,2.64285714286,1.28571428571,2.0,,0.5,2.0,1.5,1.0,,,,,,,2.0,,0.5,2.0,1.5,1.0,6.0,-1.0,0.275,40.0,4.5,3.0,4.0,0.0,0.3,10.0,2.5,1.0,2.0,,0.5,2.0,1.5,1.0,,,,,,,3.6,-0.579981281639,0.373368983957,12.8,2.5,1.4,2.0,,0.5,2.0,1.5,1.0,,,,,,,4.2,-0.294506630999,0.315411764706,12.9,2.75,1.3,,,,,,,,,,,,,,,,,,,2.0,,0.5,2.0,1.5,1.0,2.0,,0.5,2.0,1.5,1.0,,,,,,,3.41176470588,-0.0770568982706,0.369411764706,8.05882352941,2.23529411765,1.05882352941,,,,,,,,,,,,,,,,,,,5.0,-0.5,0.290625,21.0,3.5,2.0,,,,,,,3.0,0.0,0.4,6.0,2.0,1.0,2.0,,0.5,2.0,1.5,1.0,,,,,,,,,,,,,,,,,,,5.0,-0.25,0.292708333333,19.5,3.25,1.5,,,,,,,,,,,,,,,,,,,2.0,,0.5,2.0,1.5,1.0,2.0,,0.5,2.0,1.5,1.0,,,,,,,,,,,,,1
1049,4.0,0.0,0.3,10.0,2.5,1.0,5.66666666667,-1.11982285998,0.284710772223,49.3333333333,5.66666666667,5.66666666667,2.51851851852,-0.40941767873,0.447494553377,4.85185185185,1.81481481481,1.11111111111,,,,,,,2.0,,0.5,2.0,1.5,1.0,4.5,-0.803538611358,0.339154411765,22.75,3.375,2.25,2.0,,0.5,2.0,1.5,1.0,2.0,,0.5,2.0,1.5,1.0,2.0,,0.5,2.0,1.5,1.0,4.8,-0.662155824099,0.289928601876,25.8,3.8,2.8,5.23076923077,-1.05612652988,0.350429725712,40.8461538462,4.92307692308,4.61538461538,2.0,,0.5,2.0,1.5,1.0,,,,,,,5.2,-1.52276224904,0.409384164223,33.4,4.2,3.2,2.0,,0.5,2.0,1.5,1.0,,,,,,,2.28571428571,0.0,0.471428571429,3.14285714286,1.64285714286,1.0,,,,,,,,,,,,,2.0,,0.5,2.0,1.5,1.0,,,,,,,,,,,,,4.0,-0.955307917037,0.294117647059,17.0,3.0,2.0,2.08333333333,0.0,0.491666666667,2.33333333333,1.54166666667,1.0,2.0,,0.5,2.0,1.5,1.0,2.0,,0.5,2.0,1.5,1.0,,,,,,,,,,,,,,,,,,,2.0,,0.5,2.0,1.5,1.0,2.0,,0.5,2.0,1.5,1.0,,,,,,,,,,,,,,,,,,,3.25,-0.591181779854,0.408972630719,10.5,2.375,1.5,,,,,,,,,,,,,,,,,,,6.0,-1.04995872408,0.282051282051,39.0,5.0,4.0,,,,,,,,,,,,,6.66666666667,-1.297083344,0.283823749626,63.0,6.66666666667,6.66666666667,1
1050,,,,,,,5.0,-0.917384996007,0.283625730994,46.0,5.0,5.0,2.0,,0.5,2.0,1.5,1.0,,,,,,,2.5,-0.349986241361,0.461378205128,5.3125,1.84375,1.1875,3.0,0.0,0.4,6.0,2.0,1.0,2.0,,0.5,2.0,1.5,1.0,2.0,,0.5,2.0,1.5,1.0,2.0,,0.5,2.0,1.5,1.0,5.5,-0.966866920888,0.281626731112,32.25,4.125,2.75,3.2,-0.169525176195,0.398,7.5,2.15,1.1,2.0,,0.5,2.0,1.5,1.0,,,,,,,3.11111111111,0.0111730207409,0.407988380537,7.22222222222,2.11111111111,1.11111111111,2.0,,0.5,2.0,1.5,1.0,,,,,,,3.39130434783,-0.179120234444,0.36010230179,8.47826086957,2.26086956522,1.13043478261,,,,,,,,,,,,,2.0,,0.5,2.0,1.5,1.0,2.0,,0.5,2.0,1.5,1.0,2.0,,0.5,2.0,1.5,1.0,,,,,,,3.35,-0.365003431433,0.368115196078,9.325,2.3125,1.275,3.33333333333,0.0,0.366666666667,7.33333333333,2.16666666667,1.0,2.0,,0.5,2.0,1.5,1.0,,,,,,,6.0,-0.562989953096,0.28125,32.0,4.5,3.0,,,,,,,2.0,,0.5,2.0,1.5,1.0,2.0,,0.5,2.0,1.5,1.0,2.0,,0.5,2.0,1.5,1.0,,,,,,,,,,,,,3.71428571429,-0.128518510276,0.353853336206,10.8571428571,2.5,1.28571428571,,,,,,,,,,,,,,,,,,,,,,,,,2.0,,0.5,2.0,1.5,1.0,6.0,0.10768203606,0.275252525253,25.5,3.75,1.5,4.0,0.0,0.3,10.0,2.5,1.0,1
1052,,,,,,,6.8,-1.16236947713,0.281678380734,46.4,5.7,4.6,2.55555555556,-0.523090618587,0.463636363636,5.88888888889,1.83333333333,1.11111111111,,,,,,,2.0,,0.5,2.0,1.5,1.0,4.66666666667,0.333333333333,0.292592592593,12.6666666667,2.83333333333,1.0,2.0,,0.5,2.0,1.5,1.0,,,,,,,2.0,,0.5,2.0,1.5,1.0,7.0,-1.17713749921,0.280580946762,45.5,5.58333333333,4.16666666667,5.68421052632,-0.945694469438,0.308190639767,37.6842105263,4.65789473684,3.63157894737,2.0,,0.5,2.0,1.5,1.0,,,,,,,4.94117647059,-0.669389014553,0.336932823365,32.9411764706,3.97058823529,3.0,2.0,,0.5,2.0,1.5,1.0,2.66666666667,0.0,0.433333333333,4.66666666667,1.83333333333,1.0,3.23076923077,-0.582123166815,0.419928355958,9.07692307692,2.26923076923,1.30769230769,4.0,-0.7522904181,0.404861701123,21.3333333333,3.05555555556,2.11111111111,,,,,,,2.0,,0.5,2.0,1.5,1.0,2.0,,0.5,2.0,1.5,1.0,,,,,,,,,,,,,2.5,-0.195518713063,0.460657568238,4.82692307692,1.79807692308,1.09615384615,,,,,,,2.0,,0.5,2.0,1.5,1.0,,,,,,,4.66666666667,-1.01069581741,0.288830503252,29.0,4.0,3.33333333333,4.0,0.0,0.3,10.0,2.5,1.0,4.0,0.0,0.3,10.0,2.5,1.0,3.0,0.0,0.4,6.0,2.0,1.0,,,,,,,,,,,,,2.0,,0.5,2.0,1.5,1.0,4.26086956522,0.122059233444,0.33643506678,12.2608695652,2.71739130435,1.17391304348,,,,,,,2.0,,0.5,2.0,1.5,1.0,,,,,,,6.0,-0.5,0.2875,25.0,4.0,2.0,,,,,,,5.0,0.5,0.288888888889,14.0,3.0,1.0,4.0,-0.933771509825,0.326078431373,15.8333333333,2.91666666667,1.83333333333,1
1053,4.0,-0.39624062518,0.360869565217,19.3333333333,3.16666666667,2.33333333333,8.1,-1.10087987352,0.291966818042,86.15,7.875,7.65,2.1935483871,0.0,0.48064516129,2.77419354839,1.59677419355,1.0,,,,,,,2.58333333333,-0.0910615834073,0.456120642702,5.54166666667,1.85416666667,1.125,5.27272727273,-0.620949683736,0.324664978228,21.4545454545,3.59090909091,1.90909090909,2.0,,0.5,2.0,1.5,1.0,2.0,,0.5,2.0,1.5,1.0,2.0,,0.5,2.0,1.5,1.0,5.11111111111,-1.06834082794,0.298588636621,34.8333333333,4.41666666667,3.72222222222,6.8085106383,-1.13482687607,0.32770262819,60.2340425532,6.1914893617,5.57446808511,2.0,,0.5,2.0,1.5,1.0,,,,,,,2.67532467532,-1.10567537312,0.466479853312,8.75324675325,2.0974025974,1.51948051948,2.0,,0.5,2.0,1.5,1.0,2.0,,0.5,2.0,1.5,1.0,5.33333333333,-0.73475285418,0.34274620415,32.4074074074,4.11111111111,2.88888888889,2.0,,0.5,2.0,1.5,1.0,,,,,,,2.0,,0.5,2.0,1.5,1.0,2.0,,0.5,2.0,1.5,1.0,2.10526315789,0.0,0.489473684211,2.42105263158,1.55263157895,1.0,4.0,0.0,0.3,10.0,2.5,1.0,2.91228070175,-0.390464031623,0.450267522606,9.81578947368,2.18859649123,1.4649122807,2.0,,0.5,2.0,1.5,1.0,2.0,,0.5,2.0,1.5,1.0,2.0,,0.5,2.0,1.5,1.0,6.0,-0.909131278743,0.28892820286,55.6666666667,6.0,6.0,,,,,,,2.66666666667,-0.955307917037,0.43137254902,7.0,2.0,1.33333333333,2.0,,0.5,2.0,1.5,1.0,,,,,,,,,,,,,2.0,,0.5,2.0,1.5,1.0,3.88888888889,-0.300517631732,0.362564505793,15.1666666667,2.75,1.61111111111,5.33333333333,0.348230694321,0.283224400871,17.6666666667,3.33333333333,1.33333333333,2.0,,0.5,2.0,1.5,1.0,,,,,,,7.6,-0.847870555059,0.280066604556,63.1333333333,6.26666666667,4.93333333333,,,,,,,6.0,0.384124706341,0.278518518519,20.3333333333,3.66666666667,1.33333333333,6.0,-0.714786855957,0.288554216867,46.5,5.25,4.5,1
1055,,,,,,,,,,,,,2.25,0.0,0.475,3.0,1.625,1.0,,,,,,,2.0,,0.5,2.0,1.5,1.0,3.09090909091,-0.360586759603,0.406737967914,7.63636363636,2.13636363636,1.18181818182,,,,,,,,,,,,,2.0,,0.5,2.0,1.5,1.0,,,,,,,2.55555555556,-0.436947291849,0.454262574595,6.16666666667,1.91666666667,1.27777777778,,,,,,,,,,,,,3.14285714286,-0.488826979259,0.383683473389,9.57142857143,2.28571428571,1.42857142857,,,,,,,2.0,,0.5,2.0,1.5,1.0,2.0,,0.5,2.0,1.5,1.0,,,,,,,,,,,,,,,,,,,,,,,,,2.0,,0.5,2.0,1.5,1.0,,,,,,,3.5,-0.423812940488,0.395,9.75,2.375,1.25,,,,,,,2.0,,0.5,2.0,1.5,1.0,,,,,,,4.0,-1.0,0.291666666667,24.0,3.5,3.0,,,,,,,,,,,,,,,,,,,,,,,,,,,,,,,,,,,,,2.0,,0.5,2.0,1.5,1.0,,,,,,,2.0,,0.5,2.0,1.5,1.0,,,,,,,,,,,,,,,,,,,,,,,,,,,,,,,1
1056,,,,,,,6.4,-1.06071998503,0.281009359725,59.4,5.8,5.2,2.2,0.333333333333,0.484444444444,2.8,1.6,1.0,,,,,,,2.0,,0.5,2.0,1.5,1.0,4.5,-0.488826979259,0.293841911765,17.25,3.125,1.75,2.0,,0.5,2.0,1.5,1.0,2.0,,0.5,2.0,1.5,1.0,2.0,,0.5,2.0,1.5,1.0,5.64705882353,-0.880343076409,0.284430306646,34.9411764706,4.5,3.35294117647,4.94117647059,-0.710166745799,0.323471820648,25.5294117647,3.67647058824,2.41176470588,2.0,,0.5,2.0,1.5,1.0,,,,,,,4.21052631579,-0.35750262482,0.386299990315,23.8421052632,3.26315789474,2.31578947368,2.0,,0.5,2.0,1.5,1.0,2.0,,0.5,2.0,1.5,1.0,4.2,-0.340663726683,0.334560822601,15.34,2.89,1.58,2.0,,0.5,2.0,1.5,1.0,,,,,,,2.0,,0.5,2.0,1.5,1.0,2.0,,0.5,2.0,1.5,1.0,2.0,,0.5,2.0,1.5,1.0,,,,,,,3.25301204819,-0.390785821688,0.414869164498,10.1686746988,2.3313253012,1.40963855422,2.4,0.0,0.46,3.6,1.7,1.0,2.0,,0.5,2.0,1.5,1.0,,,,,,,6.0,-1.10178071507,0.283037511661,67.0,5.66666666667,5.33333333333,,,,,,,,,,,,,2.0,,0.5,2.0,1.5,1.0,2.0,,0.5,2.0,1.5,1.0,,,,,,,,,,,,,3.76470588235,-0.285972669506,0.375101876328,12.6274509804,2.63725490196,1.50980392157,6.0,-1.0,0.28125,32.0,4.5,3.0,2.0,,0.5,2.0,1.5,1.0,,,,,,,6.66666666667,-1.15828312977,0.280393276273,49.1666666667,5.58333333333,4.5,4.0,0.0,0.3,10.0,2.5,1.0,5.0,-0.434985961229,0.284072341058,23.0,3.5,2.0,4.66666666667,-0.666666666667,0.290972222222,22.0,3.5,2.33333333333,1
1057,,,,,,,4.0,-1.0,0.291666666667,24.0,3.5,3.0,2.0,,0.5,2.0,1.5,1.0,,,,,,,2.0,,0.5,2.0,1.5,1.0,6.0,-0.428303505106,0.287601981352,25.0,4.0,2.0,2.0,,0.5,2.0,1.5,1.0,,,,,,,2.0,,0.5,2.0,1.5,1.0,7.0,-1.08932599979,0.27768115942,47.0,5.5,4.0,5.625,-0.545259445182,0.326068980468,29.5625,4.03125,2.4375,2.0,,0.5,2.0,1.5,1.0,4.0,0.0,0.3,10.0,2.5,1.0,4.88888888889,-0.490201700407,0.353813653329,36.2222222222,4.05555555556,3.22222222222,2.0,,0.5,2.0,1.5,1.0,,,,,,,3.64705882353,-0.190277368244,0.34526384083,10.2352941176,2.44117647059,1.23529411765,2.0,,0.5,2.0,1.5,1.0,,,,,,,2.0,,0.5,2.0,1.5,1.0,,,,,,,2.0,,0.5,2.0,1.5,1.0,,,,,,,4.51428571429,-0.652152628699,0.359835405273,22.3714285714,3.31428571429,2.11428571429,,,,,,,2.0,,0.5,2.0,1.5,1.0,,,,,,,8.0,-1.10756124966,0.274193548387,62.0,6.5,5.0,,,,,,,3.5,-0.636871944691,0.347058823529,11.5,2.5,1.5,2.0,,0.5,2.0,1.5,1.0,,,,,,,,,,,,,,,,,,,4.41666666667,-0.590486482463,0.342473683543,19.625,3.22916666667,2.04166666667,,,,,,,2.0,,0.5,2.0,1.5,1.0,,,,,,,6.0,-0.923812940488,0.280625,28.5,4.25,2.5,,,,,,,5.2,-0.143519560687,0.288240047534,17.6,3.3,1.4,,,,,,,1
1058,4.0,-0.477653958518,0.297058823529,13.5,2.75,1.5,4.66666666667,-0.680762913884,0.29024122807,26.6666666667,3.83333333333,3.0,2.23255813953,-0.25,0.480959302326,3.25581395349,1.63953488372,1.04651162791,2.0,,0.5,2.0,1.5,1.0,2.0,,0.5,2.0,1.5,1.0,6.0,-0.705307917037,0.280625,28.5,4.25,2.5,2.0,,0.5,2.0,1.5,1.0,2.0,,0.5,2.0,1.5,1.0,2.0,,0.5,2.0,1.5,1.0,4.94736842105,-0.905708158466,0.288115451569,29.8421052632,4.0,3.05263157895,6.2,-1.19758129386,0.283768132719,46.4,5.4,4.6,2.0,,0.5,2.0,1.5,1.0,,,,,,,3.23076923077,-0.958496250072,0.41672008547,14.6153846154,2.57692307692,1.92307692308,2.0,,0.5,2.0,1.5,1.0,,,,,,,4.125,-0.245788597073,0.333497660428,12.6875,2.71875,1.3125,2.0,,0.5,2.0,1.5,1.0,,,,,,,2.0,,0.5,2.0,1.5,1.0,2.0,,0.5,2.0,1.5,1.0,2.0,,0.5,2.0,1.5,1.0,,,,,,,2.21951219512,-0.105953235122,0.480243902439,2.96341463415,1.61585365854,1.01219512195,2.0,,0.5,2.0,1.5,1.0,2.0,,0.5,2.0,1.5,1.0,,,,,,,5.44444444444,-0.732013281482,0.286961566087,29.4444444444,4.16666666667,2.88888888889,,,,,,,2.0,,0.5,2.0,1.5,1.0,,,,,,,,,,,,,,,,,,,,,,,,,3.15789473684,-0.321332746104,0.393202315251,8.84210526316,2.23684210526,1.31578947368,,,,,,,,,,,,,,,,,,,5.0,-0.901466899007,0.287058823529,21.0,3.5,2.0,3.0,-0.955307917037,0.397058823529,9.5,2.25,1.5,4.0,0.0,0.3,10.0,2.5,1.0,5.0,-0.281494976548,0.290625,21.0,3.5,2.0,1
1059,,,,,,,,,,,,,2.0,,0.5,2.0,1.5,1.0,,,,,,,2.0,,0.5,2.0,1.5,1.0,4.38095238095,-0.304497161049,0.349159522395,14.1904761905,2.88095238095,1.38095238095,2.0,,0.5,2.0,1.5,1.0,,,,,,,2.0,,0.5,2.0,1.5,1.0,4.0,0.0,0.3,10.0,2.5,1.0,3.5,-0.560586759603,0.370723039216,11.5,2.5,1.5,2.0,,0.5,2.0,1.5,1.0,,,,,,,3.09090909091,-0.656215746346,0.424362041467,12.1818181818,2.40909090909,1.72727272727,2.0,,0.5,2.0,1.5,1.0,2.0,,0.5,2.0,1.5,1.0,3.5,-0.636871944691,0.347058823529,11.5,2.5,1.5,,,,,,,,,,,,,,,,,,,2.0,,0.5,2.0,1.5,1.0,2.0,,0.5,2.0,1.5,1.0,,,,,,,4.0,-0.589802823725,0.381070939263,22.75,3.125,2.25,,,,,,,2.0,,0.5,2.0,1.5,1.0,,,,,,,,,,,,,,,,,,,,,,,,,2.0,,0.5,2.0,1.5,1.0,,,,,,,,,,,,,,,,,,,3.23076923077,-0.24441348963,0.375829562594,8.53846153846,2.23076923077,1.23076923077,,,,,,,2.0,,0.5,2.0,1.5,1.0,,,,,,,6.0,-1.3561015581,0.283582089552,67.0,7.0,8.0,,,,,,,6.0,0.384124706341,0.278518518519,20.3333333333,3.66666666667,1.33333333333,,,,,,,1
1060,,,,,,,7.09090909091,-1.32818148716,0.280335682377,63.7272727273,6.63636363636,6.18181818182,3.25,-0.288731481567,0.423245614035,11.5,2.375,1.5,,,,,,,2.0,,0.5,2.0,1.5,1.0,3.2,0.0,0.38,6.8,2.1,1.0,2.0,,0.5,2.0,1.5,1.0,2.0,,0.5,2.0,1.5,1.0,2.0,,0.5,2.0,1.5,1.0,7.8,-1.36423646406,0.279429932467,77.9,7.65,7.5,5.29411764706,-0.793334360891,0.309076702068,35.4117647059,4.32352941176,3.35294117647,2.0,,0.5,2.0,1.5,1.0,4.66666666667,-0.303538611358,0.288671023965,17.3333333333,3.16666666667,1.66666666667,3.89473684211,-0.931964612895,0.398309644782,18.9473684211,3.02631578947,2.15789473684,2.0,,0.5,2.0,1.5,1.0,2.0,,0.5,2.0,1.5,1.0,4.18181818182,-0.540030121217,0.347906401067,17.5454545455,3.0,1.81818181818,2.0,,0.5,2.0,1.5,1.0,,,,,,,2.0,,0.5,2.0,1.5,1.0,2.0,,0.5,2.0,1.5,1.0,2.0,,0.5,2.0,1.5,1.0,3.0,-0.955307917037,0.397058823529,9.5,2.25,1.5,2.85185185185,-0.255643884825,0.417603485839,6.18518518519,1.98148148148,1.11111111111,2.0,,0.5,2.0,1.5,1.0,,,,,,,,,,,,,6.0,-1.0,0.28125,32.0,4.5,3.0,6.0,1.0,0.277777777778,18.0,3.5,1.0,6.0,-0.855927810708,0.285090173865,51.7777777778,5.27777777778,4.55555555556,2.33333333333,0.0,0.466666666667,3.33333333333,1.66666666667,1.0,2.0,,0.5,2.0,1.5,1.0,,,,,,,,,,,,,3.78947368421,-0.312743626016,0.365276897165,14.2456140351,2.72807017544,1.66666666667,,,,,,,2.0,,0.5,2.0,1.5,1.0,,,,,,,,,,,,,4.0,0.0,0.3,10.0,2.5,1.0,5.6,0.4,0.282916666667,19.2,3.5,1.4,6.5,-0.966822571772,0.2840232747,38.0833333333,5.04166666667,3.58333333333,1
201,,,,,,,4.0,-1.0,0.291666666667,24.0,3.5,3.0,2.66666666667,-1.16635631394,0.47514619883,10.2222222222,2.16666666667,1.66666666667,,,,,,,2.0,,0.5,2.0,1.5,1.0,6.0,-0.736782627906,0.28768115942,39.5,4.75,3.5,2.0,,0.5,2.0,1.5,1.0,2.0,,0.5,2.0,1.5,1.0,2.0,,0.5,2.0,1.5,1.0,7.81818181818,-0.837102575959,0.281494584501,50.5454545455,5.95454545455,4.09090909091,5.68421052632,-0.814100340136,0.319197433765,38.2631578947,4.57894736842,3.47368421053,2.0,,0.5,2.0,1.5,1.0,,,,,,,3.53846153846,-0.44953821725,0.432683554732,17.6153846154,2.76923076923,2.0,2.0,,0.5,2.0,1.5,1.0,,,,,,,4.34482758621,-0.373291082096,0.329265254251,16.0,2.98275862069,1.62068965517,2.0,,0.5,2.0,1.5,1.0,,,,,,,2.0,,0.5,2.0,1.5,1.0,2.0,,0.5,2.0,1.5,1.0,2.0,,0.5,2.0,1.5,1.0,4.0,0.0,0.3,10.0,2.5,1.0,3.78947368421,-0.622110025232,0.406208128479,14.0877192982,2.73684210526,1.68421052632,2.0,,0.5,2.0,1.5,1.0,,,,,,,,,,,,,6.0,-1.04437576667,0.281137820513,32.0,4.5,3.0,,,,,,,4.5,-0.826099472713,0.393452380952,24.5,3.5,2.5,2.0,,0.5,2.0,1.5,1.0,2.0,,0.5,2.0,1.5,1.0,,,,,,,,,,,,,4.14035087719,-0.397788245324,0.346707759819,14.6140350877,2.85964912281,1.57894736842,6.0,-1.0,0.28125,32.0,4.5,3.0,2.0,,0.5,2.0,1.5,1.0,,,,,,,6.0,-0.944076141926,0.28041025641,27.8,4.2,2.4,,,,,,,6.22222222222,0.0388267023344,0.280831539933,24.3333333333,4.0,1.77777777778,10.0,-0.815443417825,0.278003069915,73.1666666667,7.91666666667,5.83333333333,0
202,,,,,,,6.66666666667,-1.29019361414,0.282772458462,92.6666666667,7.83333333333,9.0,3.0,-0.490534748645,0.450697574031,7.94444444444,2.13888888889,1.27777777778,,,,,,,2.0,,0.5,2.0,1.5,1.0,4.0,-0.901466899007,0.358039215686,14.6666666667,2.83333333333,1.66666666667,2.0,,0.5,2.0,1.5,1.0,2.0,,0.5,2.0,1.5,1.0,2.0,,0.5,2.0,1.5,1.0,7.77777777778,-1.38576781876,0.30201918073,79.0,7.22222222222,6.66666666667,5.69230769231,-0.87576117704,0.302271546181,34.6538461538,4.40384615385,3.11538461538,2.0,,0.5,2.0,1.5,1.0,7.0,-1.07236925697,0.279344262295,43.0,5.5,4.0,4.66666666667,-0.814585774597,0.359566682181,31.6666666667,4.0,3.33333333333,2.0,,0.5,2.0,1.5,1.0,,,,,,,4.25,-0.507647077328,0.328387160447,18.0833333333,3.08333333333,1.91666666667,2.0,,0.5,2.0,1.5,1.0,,,,,,,2.0,,0.5,2.0,1.5,1.0,2.0,,0.5,2.0,1.5,1.0,2.0,,0.5,2.0,1.5,1.0,,,,,,,2.79245283019,-0.441258364997,0.452452310772,9.24528301887,2.12264150943,1.45283018868,2.0,,0.5,2.0,1.5,1.0,2.0,,0.5,2.0,1.5,1.0,,,,,,,,,,,,,6.0,1.0,0.277777777778,18.0,3.5,1.0,4.0,0.0,0.3,10.0,2.5,1.0,2.18181818182,0.0,0.481818181818,2.72727272727,1.59090909091,1.0,2.0,,0.5,2.0,1.5,1.0,,,,,,,,,,,,,4.7037037037,-0.341305896745,0.314618256157,18.3333333333,3.2037037037,1.7037037037,,,,,,,2.0,,0.5,2.0,1.5,1.0,,,,,,,5.66666666667,-0.878157829632,0.286968811417,36.8333333333,4.58333333333,3.5,4.0,0.0,0.3,10.0,2.5,1.0,5.33333333333,-0.461610458981,0.290909090909,25.0,3.66666666667,2.0,7.5,-1.16219728981,0.274977964165,59.125,6.1875,4.875,0
203,,,,,,,4.0,-1.19542223199,0.339774420262,35.0,4.0,4.0,2.0,,0.5,2.0,1.5,1.0,,,,,,,2.18181818182,0.0,0.481818181818,2.72727272727,1.59090909091,1.0,4.28571428571,-0.536253458672,0.378629737609,35.2857142857,3.71428571429,3.14285714286,2.0,,0.5,2.0,1.5,1.0,2.0,,0.5,2.0,1.5,1.0,2.0,,0.5,2.0,1.5,1.0,5.33333333333,-0.651769305679,0.288316993464,25.0,3.66666666667,2.0,3.81818181818,-0.887882765904,0.366173178015,25.0,3.27272727273,2.72727272727,2.0,,0.5,2.0,1.5,1.0,,,,,,,3.63636363636,-1.03376931876,0.402225465869,15.6363636364,2.77272727273,1.90909090909,2.0,,0.5,2.0,1.5,1.0,,,,,,,4.0,-0.383314175631,0.336045751634,15.1333333333,2.86666666667,1.73333333333,2.0,,0.5,2.0,1.5,1.0,,,,,,,2.0,,0.5,2.0,1.5,1.0,2.0,,0.5,2.0,1.5,1.0,2.0,,0.5,2.0,1.5,1.0,4.0,0.0,0.3,10.0,2.5,1.0,3.46666666667,-0.477670104399,0.421171931523,11.3666666667,2.48333333333,1.5,3.0,0.0,0.4,6.0,2.0,1.0,,,,,,,,,,,,,,,,,,,,,,,,,,,,,,,2.0,,0.5,2.0,1.5,1.0,2.0,,0.5,2.0,1.5,1.0,,,,,,,,,,,,,4.125,-0.435744909944,0.339238554601,21.40625,3.109375,2.09375,2.0,,0.5,2.0,1.5,1.0,2.0,,0.5,2.0,1.5,1.0,,,,,,,7.33333333333,-0.572108525948,0.28341503268,42.0,5.5,3.66666666667,,,,,,,8.66666666667,-0.538427616519,0.275618027666,97.3333333333,7.83333333333,7.0,6.0,1.0,0.277777777778,18.0,3.5,1.0,0
204,,,,,,,6.44444444444,-1.1752671856,0.282744978721,65.6666666667,6.55555555556,6.66666666667,2.44444444444,0.2,0.462139917695,3.77777777778,1.72222222222,1.0,2.0,,0.5,2.0,1.5,1.0,3.0,-0.552529553045,0.459340659341,8.15384615385,2.15384615385,1.30769230769,4.0,0.0,0.3,10.0,2.5,1.0,2.0,,0.5,2.0,1.5,1.0,2.0,,0.5,2.0,1.5,1.0,2.0,,0.5,2.0,1.5,1.0,7.05882352941,-1.17839577522,0.279720055504,85.6470588235,7.61764705882,8.17647058824,6.43243243243,-0.864269546218,0.312731200541,52.5405405405,5.58108108108,4.72972972973,2.0,,0.5,2.0,1.5,1.0,12.0,-1.3936112626,0.27,100.0,9.5,7.0,4.58333333333,-0.99911604997,0.36543035129,33.5,4.04166666667,3.5,2.0,,0.5,2.0,1.5,1.0,,,,,,,5.2972972973,-0.54786409788,0.328791039016,24.5675675676,3.75675675676,2.21621621622,2.0,,0.5,2.0,1.5,1.0,,,,,,,2.0,,0.5,2.0,1.5,1.0,2.0,,0.5,2.0,1.5,1.0,2.0,,0.5,2.0,1.5,1.0,,,,,,,3.43157894737,-0.658500368095,0.436535017853,14.8526315789,2.65263157895,1.87368421053,2.0,,0.5,2.0,1.5,1.0,2.30769230769,1.0,0.482905982906,3.23076923077,1.65384615385,1.0,2.0,,0.5,2.0,1.5,1.0,4.66666666667,-0.930827083454,0.285842293907,36.6666666667,4.16666666667,3.66666666667,,,,,,,5.5,-0.210753936286,0.332626262626,19.5,3.5,1.5,2.0,,0.5,2.0,1.5,1.0,,,,,,,,,,,,,2.0,,0.5,2.0,1.5,1.0,4.62264150943,-0.475510068226,0.330085282972,18.4716981132,3.21698113208,1.81132075472,9.33333333333,-1.13405406761,0.280851886209,94.6666666667,8.16666666667,7.0,2.0,,0.5,2.0,1.5,1.0,4.0,0.0,0.3,10.0,2.5,1.0,5.73333333333,-0.919509996763,0.299144563989,32.0,4.36666666667,3.0,,,,,,,7.11111111111,-0.748012791001,0.279248098324,56.6666666667,6.05555555556,5.0,7.6,-1.01333650953,0.282776906233,42.6,5.6,3.6,0
205,,,,,,,5.0,-1.00263332056,0.288084464555,28.0,4.0,3.0,2.16666666667,0.0,0.483333333333,2.66666666667,1.58333333333,1.0,,,,,,,,,,,,,6.0,0.0761870595116,0.278888888889,21.5,3.75,1.5,2.0,,0.5,2.0,1.5,1.0,,,,,,,2.0,,0.5,2.0,1.5,1.0,6.33333333333,-0.603583206757,0.286387332711,39.5,4.91666666667,3.5,2.0,,0.5,2.0,1.5,1.0,2.0,,0.5,2.0,1.5,1.0,,,,,,,2.76923076923,-0.515778025069,0.450100553042,9.46153846154,2.15384615385,1.53846153846,2.0,,0.5,2.0,1.5,1.0,2.0,,0.5,2.0,1.5,1.0,5.2,-0.520628403873,0.310708831913,24.9,3.65,2.1,2.0,,0.5,2.0,1.5,1.0,,,,,,,2.0,,0.5,2.0,1.5,1.0,,,,,,,2.0,,0.5,2.0,1.5,1.0,,,,,,,3.52380952381,-0.500353421598,0.427860406789,11.0952380952,2.47619047619,1.42857142857,,,,,,,,,,,,,,,,,,,6.0,0.279070844809,0.279776674938,28.5,4.25,2.5,,,,,,,3.0,0.0,0.4,6.0,2.0,1.0,,,,,,,,,,,,,,,,,,,,,,,,,4.25,-0.525818915518,0.360673641909,16.8333333333,3.04166666667,1.83333333333,2.0,,0.5,2.0,1.5,1.0,,,,,,,,,,,,,,,,,,,,,,,,,6.0,-0.708569229115,0.311204718569,33.4285714286,4.35714285714,2.71428571429,6.0,-0.447296020652,0.284659090909,32.3333333333,4.33333333333,2.66666666667,0
206,,,,,,,6.0,-1.18149861213,0.318971451768,60.0833333333,5.79166666667,5.58333333333,2.69565217391,-0.6,0.454076086957,6.60869565217,1.97826086957,1.26086956522,,,,,,,2.07692307692,0.0,0.492307692308,2.30769230769,1.53846153846,1.0,4.57142857143,-0.983650133529,0.40893631789,53.4285714286,4.5,4.42857142857,2.0,,0.5,2.0,1.5,1.0,2.0,,0.5,2.0,1.5,1.0,2.0,,0.5,2.0,1.5,1.0,6.66666666667,-1.15615518998,0.282984773318,63.5833333333,6.375,6.08333333333,5.5,-0.847823128242,0.338478245902,30.2083333333,4.14583333333,2.79166666667,2.0,,0.5,2.0,1.5,1.0,,,,,,,4.0,-0.974461666878,0.384728506787,15.3846153846,2.88461538462,1.76923076923,2.0,,0.5,2.0,1.5,1.0,2.0,,0.5,2.0,1.5,1.0,3.47368421053,-0.162239629807,0.381788277512,9.0,2.31578947368,1.15789473684,2.0,,0.5,2.0,1.5,1.0,,,,,,,2.0,,0.5,2.0,1.5,1.0,2.0,,0.5,2.0,1.5,1.0,2.21052631579,0.0,0.478947368421,2.84210526316,1.60526315789,1.0,2.0,,0.5,2.0,1.5,1.0,3.24242424242,-0.493779443868,0.414707469535,11.3484848485,2.41666666667,1.59090909091,3.0,0.0,0.4,6.0,2.0,1.0,2.0,,0.5,2.0,1.5,1.0,,,,,,,7.0,-0.820053565669,0.278888888889,39.5,5.25,3.5,,,,,,,2.0,,0.5,2.0,1.5,1.0,2.28571428571,0.0,0.471428571429,3.14285714286,1.64285714286,1.0,2.0,,0.5,2.0,1.5,1.0,,,,,,,,,,,,,4.18181818182,-0.499002893428,0.357116178419,19.5227272727,3.10227272727,2.02272727273,,,,,,,2.0,,0.5,2.0,1.5,1.0,,,,,,,4.66666666667,-0.785367186033,0.291749585406,33.6666666667,4.33333333333,4.0,,,,,,,6.66666666667,-0.23686789361,0.276189023615,42.3333333333,5.0,3.33333333333,4.0,-0.815457427036,0.294057031415,19.3333333333,3.16666666667,2.33333333333,0
207,8.0,-0.784635927881,0.272727272727,33.0,5.0,2.0,8.0,-1.18471390294,0.27426046176,62.0,6.5,5.0,2.33333333333,0.0,0.466666666667,3.33333333333,1.66666666667,1.0,,,,,,,2.5,0.0,0.45,4.0,1.75,1.0,6.5,-0.548812940488,0.28441956328,27.0,4.25,2.0,2.0,,0.5,2.0,1.5,1.0,2.0,,0.5,2.0,1.5,1.0,2.0,,0.5,2.0,1.5,1.0,6.0,-0.727653958518,0.284558823529,28.5,4.25,2.5,6.5,-0.823171423767,0.336363636364,36.0,4.75,3.0,2.0,,0.5,2.0,1.5,1.0,4.0,0.0,0.3,10.0,2.5,1.0,4.4,0.0609313991712,0.344965949821,14.4,2.9,1.4,2.0,,0.5,2.0,1.5,1.0,2.0,,0.5,2.0,1.5,1.0,4.6,-0.699173192736,0.329947021116,20.1,3.35,2.1,2.0,,0.5,2.0,1.5,1.0,,,,,,,2.0,,0.5,2.0,1.5,1.0,2.0,,0.5,2.0,1.5,1.0,2.0,,0.5,2.0,1.5,1.0,,,,,,,3.17647058824,-0.483313891976,0.42606576863,9.85294117647,2.27941176471,1.38235294118,4.0,0.0,0.3,10.0,2.5,1.0,,,,,,,,,,,,,4.0,0.0,0.3,10.0,2.5,1.0,6.0,1.0,0.277777777778,18.0,3.5,1.0,4.0,0.0,0.3,10.0,2.5,1.0,2.0,,0.5,2.0,1.5,1.0,2.0,,0.5,2.0,1.5,1.0,,,,,,,,,,,,,4.17647058824,-0.137377086738,0.330298805865,12.7647058824,2.73529411765,1.29411764706,4.0,-1.30271162697,0.391304347826,24.0,3.5,3.0,2.0,,0.5,2.0,1.5,1.0,,,,,,,6.0,-1.01787259696,0.284463315843,37.3333333333,4.5,3.0,,,,,,,5.6,0.3,0.286111111111,19.2,3.5,1.4,6.0,-0.716051056353,0.285925925926,29.6666666667,4.33333333333,2.66666666667,0
208,,,,,,,6.0,-1.21273045406,0.283076050933,53.6666666667,5.66666666667,5.33333333333,2.85714285714,0.5,0.439682539683,5.42857142857,1.92857142857,1.0,,,,,,,2.0,,0.5,2.0,1.5,1.0,4.0,0.0,0.3,10.0,2.5,1.0,2.0,,0.5,2.0,1.5,1.0,,,,,,,2.0,,0.5,2.0,1.5,1.0,6.0,-1.1727677343,0.278518518519,44.3333333333,5.0,4.0,10.25,-1.15545952644,0.27829712957,172.625,11.8125,13.375,2.0,,0.5,2.0,1.5,1.0,,,,,,,5.55555555556,-1.36541729751,0.380350421084,78.1111111111,6.11111111111,6.66666666667,2.0,,0.5,2.0,1.5,1.0,,,,,,,4.0,-0.335840288547,0.323267973856,13.2666666667,2.73333333333,1.46666666667,2.0,,0.5,2.0,1.5,1.0,,,,,,,2.0,,0.5,2.0,1.5,1.0,2.0,,0.5,2.0,1.5,1.0,2.0,,0.5,2.0,1.5,1.0,,,,,,,3.8,-0.511830483598,0.404059111927,14.15,2.725,1.65,,,,,,,,,,,,,,,,,,,7.0,-0.947008035845,0.27830615942,50.5,5.75,4.5,,,,,,,,,,,,,2.0,,0.5,2.0,1.5,1.0,2.0,,0.5,2.0,1.5,1.0,,,,,,,,,,,,,4.72727272727,-0.290832152308,0.31230515417,16.7272727273,3.13636363636,1.54545454545,,,,,,,2.0,,0.5,2.0,1.5,1.0,,,,,,,5.55555555556,-1.03165830585,0.329027203382,28.6666666667,4.16666666667,2.77777777778,,,,,,,5.6,0.430474823805,0.282666666667,17.8,3.4,1.2,7.14285714286,-0.411063393012,0.284183673469,40.0,5.07142857143,3.0,0
209,,,,,,,6.5,-1.1691563019,0.282200680052,67.5,7.0,7.5,2.36363636364,1.0,0.479797979798,3.45454545455,1.68181818182,1.0,,,,,,,2.0,,0.5,2.0,1.5,1.0,3.77777777778,-0.939434635408,0.406773618538,29.2222222222,3.44444444444,3.11111111111,2.0,,0.5,2.0,1.5,1.0,,,,,,,2.0,,0.5,2.0,1.5,1.0,8.8,-1.46692679417,0.276978091859,98.8,8.5,8.2,5.84615384615,-0.894945028295,0.334659638335,43.3076923077,4.92307692308,4.0,2.0,,0.5,2.0,1.5,1.0,,,,,,,6.75,-0.869575520044,0.360519497863,53.25,5.75,4.75,2.0,,0.5,2.0,1.5,1.0,2.0,,0.5,2.0,1.5,1.0,4.58823529412,-0.775541306859,0.351109674639,25.6470588235,3.67647058824,2.76470588235,2.0,,0.5,2.0,1.5,1.0,,,,,,,2.0,,0.5,2.0,1.5,1.0,2.0,,0.5,2.0,1.5,1.0,2.0,,0.5,2.0,1.5,1.0,4.0,0.0,0.3,10.0,2.5,1.0,3.86666666667,-0.830767316695,0.421307265443,30.7333333333,3.53333333333,3.2,,,,,,,,,,,,,,,,,,,5.0,-0.0211443708263,0.283625730994,28.0,4.0,3.0,6.0,1.0,0.277777777778,18.0,3.5,1.0,4.5,-0.33246929643,0.295512820513,17.25,3.125,1.75,2.66666666667,0.0,0.433333333333,4.66666666667,1.83333333333,1.0,2.0,,0.5,2.0,1.5,1.0,,,,,,,,,,,,,5.4,-0.528920839626,0.316546744309,28.4,4.0,2.6,6.0,-1.30052728808,0.277777777778,54.0,5.5,5.0,2.0,,0.5,2.0,1.5,1.0,,,,,,,9.0,-1.43298515582,0.275242986754,90.8333333333,8.58333333333,8.16666666667,,,,,,,6.8,-0.466742476746,0.278593831289,43.8,5.4,4.0,6.0,-0.148221771802,0.285488767456,29.6666666667,4.33333333333,2.66666666667,0
210,8.0,1.58496250072,0.269230769231,26.0,4.5,1.0,5.0,-1.16476621903,0.286465638149,38.5,4.75,4.5,3.14285714286,-0.105160511079,0.44056122449,7.57142857143,2.14285714286,1.14285714286,,,,,,,2.0,,0.5,2.0,1.5,1.0,4.36363636364,-0.468974498264,0.362238427051,14.6363636364,2.90909090909,1.45454545455,2.0,,0.5,2.0,1.5,1.0,2.0,,0.5,2.0,1.5,1.0,2.0,,0.5,2.0,1.5,1.0,5.78947368421,-0.526398380844,0.285933127164,32.5789473684,4.31578947368,2.84210526316,3.86956521739,-0.423783489973,0.372999983954,16.152173913,2.83695652174,1.80434782609,2.0,,0.5,2.0,1.5,1.0,,,,,,,3.80952380952,-0.538933089859,0.397818776238,19.9047619048,2.97619047619,2.14285714286,2.0,,0.5,2.0,1.5,1.0,2.0,,0.5,2.0,1.5,1.0,4.27906976744,-0.472475306298,0.335392645047,17.7441860465,3.04651162791,1.81395348837,2.0,,0.5,2.0,1.5,1.0,,,,,,,2.0,,0.5,2.0,1.5,1.0,,,,,,,2.15384615385,-0.955307917037,0.484162895928,3.15384615385,1.61538461538,1.07692307692,6.0,1.0,0.277777777778,18.0,3.5,1.0,3.68571428571,-0.361100524305,0.399290831682,12.9571428571,2.57857142857,1.47142857143,2.0,,0.5,2.0,1.5,1.0,,,,,,,,,,,,,6.0,-0.847625880977,0.28,25.0,4.0,2.0,,,,,,,8.0,-0.455307917037,0.270833333333,48.0,5.5,3.0,2.0,,0.5,2.0,1.5,1.0,2.0,,0.5,2.0,1.5,1.0,,,,,,,,,,,,,4.11111111111,-0.237454138197,0.336317738634,13.462962963,2.75,1.38888888889,,,,,,,2.0,,0.5,2.0,1.5,1.0,,,,,,,6.0,-0.930978277655,0.283713911982,56.6,5.0,4.0,4.0,-0.955307917037,0.294117647059,17.0,3.0,2.0,6.0,0.384124706341,0.278518518519,20.3333333333,3.66666666667,1.33333333333,6.0,-0.951717088599,0.279974256683,35.75,4.625,3.25,0
